States,GDP 1997,GDP 1998,GDP 1999,GDP 2000,GDP 2001,GDP 2002,GDP 2003,GDP 2004,GDP 2005,GDP 2006,GDP 2007,GDP 2008,GDP 2009,GDP 2010,GDP 2011,GDP 2012,GDP 2013,GDP 2014,GDP 2015,GDP 2016,GDP 2017,GDP 2018,GDP 2019,GDP average,unemployment 1980,unemployment 1981,unemployment 1982,unemployment 1983,unemployment 1984,unemployment 1985,unemployment 1986,unemployment 1987,unemployment 1988,unemployment 1989,unemployment 1990,unemployment 1991,unemployment 1992,unemployment 1993,unemployment 1994,unemployment 1995,unemployment 1996,unemployment 1997,unemployment 1998,unemployment 1999,unemployment 2000,unemployment 2001,unemployment 2002,unemployment 2003,unemployment 2004,unemployment 2005,unemployment 2006,unemployment 2007,unemployment 2008,unemployment 2009,unemployment 2010,unemployment 2011,unemployment 2012,unemployment 2013,unemployment 2014,unemployment 2015,unemployment 2016,unemployment 2017,unemployment 2018,unemployment average,incomeperson 2014,incomeperson 2015,incomeperson 2016,incomeperson 2017,incomeperson 2018,income average,highschool 2010,highschool 2011,highschool 2012,highschool 2013,highschool 2014,highschool 2015,highschool 2016,highschool 2017,highschool 2018,highschool average,bachelor 2010,bachelor 2011,bachelor 2012,bachelor 2013,bachelor 2014,bachelor 2015,bachelor 2016,bachelor 2017,bachelor 2018,bachelor average,graduate 2010,graduate 2011,graduate 2012,graduate 2013,graduate 2014,graduate 2015,graduate 2016,graduate 2017,graduate 2018,graduate average,2014 Population,2010 Population,2014 %Person under 5 years,2014 %Person under 18 years,2014 %Person 65 years and over,2014 % femal person,2014 % white ,2014 %black or African American ,2014 % American Indian and Alaska native,2014 %Asian ,2014 % Native Hawaiian and other pacific islander ,2014 %Two or more race ,2014 %Hispanic or latino,2009-2013 Living in same house 1 year or over,2009-2013 foreign born person,2009-2013 Language other than English spoken at home,2009-2013 High school graduate or higher 25+,2009-2013 Bachelorâ€™s degree or higher 25+,2009-2013 Veterans,2009-2013 mean travel time to work (min),2009-2013 Homeownership rate,2009-2013 Households,2009-2013 Median household income,2009-2013 %Persons below poverty level,2010 land area in square mile,2010 population per square mile ,2001 crime,2002 crime,2003 crime,2004 crime,2005 crime,2006 crime,2007 crime,2008 crime,2009 crime,2010 crime,2011 crime,2012 crime,2013 crime,2014 crime,2015 crime,2016 crime,crime average,2001 murder,2002 murder,2003 murder,2004 murder,2005 murder,2006 murder,2007 murder,2008 murder,2009 murder,2010 murder,2011 murder,2012 murder,2013 murder,2014 murder,2015 murder,2016 murder,murder average,2001 robbery,2002 robbery,2003 robbery,2004 robbery,2005 robbery,2006 robbery,2007 robbery,2008 robbery,2009 robbery,2010 robbery,2011 robbery,2012 robbery,2013 robbery,2014 robbery,2015 robbery,2016 robbery,robbery average,2001 rape,2002 rape,2003 rape,2004 rape,2005 rape,2006 rape,2007 rape,2008 rape,2009 rape,2010 rape,2011 rape,2012 rape,2013 rape,2014 rape,2015 rape,rape average,Percent Educational Attainment,Percent Peace Index,Percent Above Poverty Rate,Percent Non-religious,2013 Uninsured,2014 Uninsured,2015 Uninsured,2016 Uninsured,uninsured average,2019 Insured,2018 Insured,2017 Insured,2016 Insured,2015 Insured,2014 Insured,2013 Insured,2012 Insured,2011 Insured,2010 Insured,2009 Insured,2008 Insured,insured average,1976 winner,1976 votes,1980 winner,1980 votes,1984 winner,1984 votes,1988 winner,1988 votes,1992 winner,1992 votes,1996 winner,1996 votes,2000 winner,2000 votes,2004 winner,2004 votes,2008 winner,2008 votes,2012 winner,2012 votes,2016 winner,2016 votes
Alabama,144457.3,149613.2,155171.9,157697.7,157137.9,161258.0,165250.5,175916.8,181871.0,185337.0,186499.4,185280.6,178893.4,183014.5,185666.9,186553.9,188814.2,187568.0,189428.8,191523.4,193693.0,198053.7,200829.4,179321.50909090906,8.9,10.6,14.1,13.8,11.0,9.2,9.7,8.1,7.2,7.0,6.8,7.3,7.6,7.3,6.2,6.0,5.2,5.0,4.4,4.7,4.6,5.1,5.9,6.0,5.7,4.5,4.0,4.0,5.7,11.0,10.5,9.6,8.0,7.2,6.8,6.1,5.8,4.4,3.9,7.105263157894734,37271,38891,39536,41030,42710,40541.75,500485,513847,529194,529798,531816,542689,"550,214","555,404","565,653",529468.8,109257,104936,116008,107697,108266,115608,"165,375","167,848","172,677",110503.0,40181,46206,43796,43133,46303,45522,"49,55","47,308","46,513",44190.166666666664,4849377,4780127,6.1,22.8,15.3,51.5,69.7,26.7,0.7,1.3,0.1,1.5,4.1,85.0,3.5,5.2,83.1,22.6,388865,24.2,69.7,1838683,43253,18.6,50645.33,94.4,19582.0,19931.0,19331.0,19324.0,19678.0,19553.0,20775.0,21110.0,21194.0,18363.0,20166.0,21693.0,20834.0,20727.0,22952.0,25878.0,20767.266666666666,379.0,303.0,299.0,254.0,374.0,382.0,412.0,351.0,322.0,275.0,299.0,342.0,346.0,276.0,348.0,407.0,332.6666666666667,5584.0,5962.0,6038.0,6042.0,6447.0,7062.0,7398.0,7346.0,6265.0,4864.0,4906.0,5020.0,4645.0,4701.0,4611.0,4687.0,5732.933333333333,1369.0,1664.0,1656.0,1742.0,1564.0,1646.0,1548.0,1618.0,1504.0,1355.0,1370.0,1296.0,1449.0,1436.0,1456.0,1521.7142857142858,22.0,36.6,80.8,23,13.6,12.1,10.1,9.1,10.433333333333332,90.3,90.0,90.6,90.9,89.9,87.9,86.4,86.7,85.7,85.4,86.2,86.7,87.85454545454546,democrat,659170,republican,654192,republican,872849,republican,815576,republican,804283,republican,769044,republican,941173,republican,1176394,republican,1266546,republican,1255925,republican,1318255
Alaska,42339.2,41238.4,40788.2,39566.8,41019.8,42915.8,42132.7,43752.3,45064.7,48538.5,51144.0,50891.0,55910.6,54219.0,54722.6,57717.5,54748.1,53480.6,54015.3,53289.0,52825.9,52928.7,53255.2,49280.21363636363,9.6,9.4,9.9,9.9,9.8,9.7,10.9,10.3,8.8,7.0,7.2,8.5,8.9,7.7,7.6,7.3,7.6,7.1,6.3,6.5,6.4,6.4,7.3,7.8,7.5,6.9,6.6,6.3,6.7,7.7,7.9,7.6,7.1,7.0,6.9,6.5,6.9,7.0,6.6,7.723684210526316,55835,57635,56302,57394,60355,57921.5,95161,99302,101263,105476,106140,110327,"114,205","106,986","110,772",104501.6,19516,19719,19850,23128,20543,25566,"33,513","28,098","31,724",21761.2,5845,5834,6494,7634,7042,8102,"5,991","8,493","7,561",6825.166666666667,736732,710249,7.4,25.3,9.4,47.4,66.9,3.9,14.8,6.1,1.3,7.1,6.8,80.3,7.0,16.2,91.6,27.5,71004,18.8,63.8,251899,70760,9.9,570640.95,1.2,3735.0,3627.0,3877.0,4159.0,4194.0,4610.0,4520.0,4475.0,4424.0,4537.0,4416.0,4412.0,4709.0,4684.0,5392.0,5966.0,4533.466666666666,39.0,33.0,39.0,37.0,32.0,36.0,43.0,27.0,22.0,31.0,30.0,30.0,34.0,41.0,59.0,52.0,36.4,514.0,489.0,446.0,447.0,537.0,600.0,581.0,645.0,654.0,594.0,576.0,630.0,623.0,629.0,761.0,850.0,604.1333333333333,501.0,511.0,605.0,558.0,538.0,512.0,545.0,447.0,513.0,533.0,436.0,583.0,657.0,555.0,650.0,545.9285714285714,26.6,44.98,88.6,55,18.5,17.2,14.9,14.0,15.366666666666667,87.8,87.4,86.3,86.0,85.1,82.8,81.5,79.5,79.9,80.1,78.9,80.9,82.58181818181816,republican,71555,republican,86112,republican,138377,republican,119251,republican,102000,republican,122746,republican,167398,republican,190889,republican,193841,republican,164676,republican,163387
Arizona,168372.2,182983.5,198002.1,207774.8,212648.3,219370.4,233339.1,243192.6,263047.3,277189.0,284811.7,277357.6,254906.9,257396.9,263144.1,268068.2,269967.4,274112.9,281935.6,291259.6,302117.8,314016.1,323597.6,259101.7954545454,6.6,6.2,10.1,8.8,5.2,6.3,6.9,6.5,6.4,5.3,5.3,5.9,7.5,6.4,6.1,5.3,5.6,4.6,4.3,4.4,4.0,4.8,6.1,5.7,5.0,4.7,4.2,3.9,6.2,9.9,10.4,9.5,8.3,7.7,6.8,6.1,5.4,4.9,4.8,6.197368421052632,38246,39718,40801,42590,44597,41926.5,731226,744032,751034,751038,779091,795472,"807,939","845,756","877,123",764133.4,153118,161978,161310,163350,166060,174442,"251,894","275,199","285,226",165428.0,50858,58348,60925,68807,66974,66605,"67,573","74,095","75,695",62086.166666666664,6731484,6392310,6.4,24.1,15.9,50.3,83.7,4.7,5.3,3.3,0.3,2.7,30.5,80.4,13.4,26.8,85.7,26.9,522382,24.6,64.4,2370289,49774,17.9,113594.08,56.3,28675.0,30171.0,28638.0,28952.0,30478.0,33456.0,32835.0,31567.0,28128.0,26528.0,26789.0,28077.0,27576.0,26916.0,28012.0,32542.0,29377.666666666668,400.0,387.0,441.0,414.0,445.0,533.0,548.0,462.0,380.0,408.0,397.0,358.0,355.0,319.0,309.0,389.0,409.6666666666667,8868.0,8000.0,7619.0,7721.0,8579.0,9491.0,9764.0,9809.0,8199.0,6953.0,7145.0,7383.0,6656.0,6249.0,6360.0,7045.0,7798.2,1518.0,1608.0,1856.0,1896.0,2006.0,2449.0,2353.0,2200.0,2279.0,2191.0,2499.0,2282.0,2344.0,2464.0,2294.0,2194.3571428571427,25.6,35.66,81.8,47,17.1,13.6,10.8,10.0,11.466666666666667,88.7,89.4,89.9,90.0,89.2,86.4,82.9,82.4,82.8,83.1,82.7,82.0,85.52727272727272,republican,418642,republican,529688,republican,681416,republican,702541,republican,572086,democrat,653288,republican,781652,republican,1104294,republican,1230111,republican,1233654,republican,1252401
Arkansas,82760.4,84791.3,89339.5,90224.2,90081.0,92989.3,96714.2,101194.5,104758.6,107084.1,106272.5,105923.2,102513.5,105223.6,107320.6,107718.8,110301.4,111729.9,112938.9,113490.4,114950.7,116698.8,117447.1,104077.54999999999,7.6,8.7,9.9,9.9,8.7,8.7,8.6,8.1,7.6,7.0,6.9,7.4,7.1,6.1,5.4,4.8,5.3,5.2,5.2,4.6,4.3,5.0,5.5,5.9,5.7,5.2,5.2,5.3,5.5,7.8,8.2,8.3,7.6,7.2,6.0,5.0,4.0,3.7,3.7,6.428947368421052,38264,39513,40385,41657,43325,41220.0,318391,332265,333157,335170,336964,341615,"339,816","346,59","360,773",335834.2,62632,60937,59378,63767,68255,65084,"94,961","102,015","102,024",63484.2,20353,25822,25505,25174,22881,27949,"28,65","30,96","31,689",24614.0,2966369,2915958,6.5,23.8,15.7,50.9,79.7,15.6,1.0,1.5,0.3,1.9,7.0,83.6,4.5,7.2,83.7,20.1,237311,21.3,66.7,1129723,40768,19.2,52035.48,56.0,12190.0,11501.0,12449.0,13814.0,14670.0,15538.0,15226.0,14649.0,14905.0,14711.0,14173.0,13851.0,13705.0,14243.0,15526.0,16563.0,14368.266666666666,148.0,142.0,180.0,176.0,189.0,205.0,198.0,165.0,179.0,134.0,160.0,174.0,158.0,165.0,181.0,217.0,174.86666666666667,2181.0,2524.0,2227.0,2372.0,2532.0,2749.0,3105.0,2777.0,2576.0,2369.0,2357.0,2310.0,2261.0,2050.0,2098.0,2125.0,2428.8,892.0,754.0,911.0,1183.0,1202.0,1325.0,1294.0,1463.0,1378.0,1321.0,1230.0,1233.0,1135.0,1182.0,1300.0,1207.9285714285713,18.9,35.98,81.3,30,16.0,11.8,9.5,7.9,9.733333333333334,90.9,91.8,92.1,92.1,90.5,88.2,84.0,83.6,82.9,82.5,83.0,82.9,86.69090909090909,democrat,498604,republican,403164,republican,534774,republican,466578,democrat,505823,democrat,475171,republican,472940,republican,572898,republican,638017,republican,647744,republican,684872
California,1379722.1,1470543.0,1583231.3,1709490.6,1707064.7,1747199.5,1829296.5,1902550.4,1988736.5,2072274.1,2103014.8,2110596.1,2025633.2,2056990.4,2090836.8,2144089.6,2219610.5,2316331.2,2437366.9,2519133.6,2628314.6,2708966.9,2800505.4,2098717.118181818,6.8,7.4,10.0,9.8,7.8,7.2,6.7,5.8,5.3,5.1,5.8,7.7,9.3,9.5,8.6,7.9,7.3,6.4,5.9,5.2,4.9,5.4,6.7,6.8,6.2,5.4,4.9,5.4,7.3,11.2,12.2,11.7,10.4,8.9,7.5,6.2,5.5,4.8,4.2,7.218421052631579,52363,55833,58048,60549,63720,59537.5,4413891,4548755,4646641,4767196,4947133,5078189,"5,193,801","5,390,200","5,424,352",4797582.8,1183758,1189561,1252312,1276357,1347397,1406433,"2,093,253","2,181,935","2,210,574",1294412.0,450720,461489,490608,517973,550074,578727,"608,148","640,938","653,102",508265.1666666667,38802500,37254503,6.5,23.6,12.9,50.3,73.2,6.5,1.7,14.4,0.5,3.7,38.6,84.2,27.0,43.7,81.2,30.7,1893539,27.2,55.3,12542460,61094,15.9,155779.22,239.1,212867.0,208388.0,205551.0,189175.0,190178.0,194483.0,191561.0,185329.0,174934.0,164133.0,154943.0,160944.0,154739.0,153709.0,166883.0,174796.0,177983.06666666668,2206.0,2395.0,2407.0,2392.0,2503.0,2486.0,2262.0,2142.0,1972.0,1809.0,1792.0,1884.0,1746.0,1699.0,1861.0,1930.0,2085.3333333333335,64614.0,64968.0,63770.0,61768.0,63622.0,71142.0,70706.0,69388.0,64093.0,58116.0,54291.0,56521.0,53640.0,48680.0,52862.0,54789.0,60557.066666666666,9960.0,10198.0,9994.0,9615.0,9392.0,9235.0,9046.0,8903.0,8713.0,8331.0,7665.0,7837.0,7464.0,8398.0,9387.0,8869.857142857143,29.9,45.24,83.6,51,17.2,12.4,8.6,7.3,9.433333333333334,92.3,92.8,92.8,92.7,91.4,87.6,82.8,82.1,81.9,81.5,82.0,82.7,86.39090909090909,republican,3882244,republican,4522994,republican,5467009,republican,5054917,democrat,5121325,democrat,5119835,democrat,5861203,democrat,6745485,democrat,8274473,democrat,7854285,democrat,8753788
Colorado,184492.1,201034.9,216139.3,232832.1,236310.6,236869.2,238843.8,241224.7,251266.6,256152.2,264664.5,267964.9,262463.3,265319.3,268553.4,273593.9,282605.5,294812.0,308898.9,315793.0,328510.2,342865.6,356280.2,270136.2772727273,5.8,5.7,7.3,7.1,5.4,6.1,7.5,7.5,6.5,5.7,5.2,5.3,6.0,5.3,4.2,4.0,4.2,3.5,3.6,3.1,2.8,3.8,5.5,6.0,5.5,5.0,4.3,3.7,4.8,7.3,8.7,8.4,7.9,6.9,5.0,3.9,3.2,2.7,3.3,5.313157894736842,50711,52254,52475,55604,58896,54807.25,645761,670770,680531,702581,719944,761849,"766,818","804,127","826,968",707135.0,198932,204648,206620,215113,216315,236299,"338,723","366,95","380,467",215799.0,64230,74046,77009,72269,84481,88628,"87,587","99,907","100,696",76777.16666666667,5355866,5029324,6.3,23.3,12.7,49.8,87.7,4.5,1.6,3.1,0.2,2.9,21.2,80.7,9.7,16.8,90.2,37.0,399458,24.5,65.4,1977591,58433,13.2,103641.89,48.5,15492.0,15882.0,15757.0,17121.0,18498.0,18794.0,17101.0,17480.0,17022.0,16339.0,16085.0,15951.0,16099.0,16554.0,17515.0,19030.0,17015.2,158.0,179.0,185.0,201.0,173.0,171.0,155.0,165.0,159.0,129.0,155.0,152.0,174.0,151.0,176.0,189.0,167.6,3555.0,3579.0,3738.0,3739.0,3948.0,3824.0,3461.0,3404.0,3371.0,3164.0,3299.0,3392.0,3136.0,3039.0,3323.0,3525.0,3462.8,1930.0,2066.0,1913.0,1945.0,2026.0,2158.0,2075.0,2151.0,2269.0,2230.0,2285.0,2122.0,2198.0,2121.0,2377.0,2138.285714285714,35.9,49.48,87.9,53,14.1,10.3,8.1,7.5,8.633333333333333,92.0,92.5,92.5,92.5,91.9,89.7,85.9,85.3,84.9,84.1,84.2,83.3,87.89090909090909,republican,584278,republican,652264,republican,821817,republican,728177,democrat,629681,republican,691848,republican,883748,republican,1101255,democrat,1288576,democrat,1323101,democrat,1338870
Connecticut,190667.7,196175.1,202264.4,216293.1,219932.4,219956.8,222125.2,236698.6,242380.3,251629.6,260993.1,259385.0,248612.1,247876.8,242323.3,244114.4,238621.4,237700.4,245304.5,245966.1,248077.1,249043.3,251329.8,237581.9454545454,5.8,6.2,6.9,6.0,4.7,4.7,3.8,3.4,3.0,3.8,5.1,6.5,7.6,6.6,5.6,5.5,5.5,5.0,3.4,2.9,2.4,3.1,4.3,5.4,5.0,4.9,4.3,4.5,5.7,7.9,9.1,8.8,8.3,7.8,6.6,5.7,5.1,4.7,4.1,5.36578947368421,66490,68368,69919,71740,74855,71220.5,377322,387729,398666,403175,401999,408304,"407,069","408,392","417,303",399974.6,106944,107647,108318,112967,113337,125143,"189,635","188,577","194,607",113482.4,59759,60079,65666,67904,65958,68561,"67,607","68,409","70,359",64654.5,3596677,3574096,5.3,21.6,15.5,51.2,81.2,11.5,0.5,4.5,0.1,2.2,15.0,88.0,13.6,21.5,89.2,36.5,217947,24.8,67.8,1355849,69461,10.2,4842.36,738.1,11492.0,10807.0,11045.0,10113.0,9542.0,10505.0,10547.0,10737.0,10588.0,10083.0,9889.0,10183.0,9439.0,8522.0,7845.0,8169.0,9867.6,105.0,84.0,112.0,100.0,105.0,137.0,113.0,132.0,106.0,133.0,129.0,117.0,91.0,86.0,117.0,79.0,109.4,4183.0,4069.0,4212.0,4188.0,3933.0,4460.0,4303.0,4043.0,4001.0,3553.0,3689.0,3709.0,3551.0,3159.0,2892.0,2711.0,3764.866666666667,639.0,740.0,698.0,755.0,712.0,696.0,690.0,680.0,657.0,595.0,689.0,933.0,647.0,571.0,582.0,688.9285714285714,35.6,56.12,89.2,57,9.4,6.9,6.0,4.9,5.933333333333334,94.1,94.7,94.5,95.1,94.0,93.1,90.6,90.9,91.2,90.9,91.2,91.2,92.4909090909091,republican,719261,republican,677210,republican,890877,republican,750241,democrat,682318,democrat,735740,democrat,816015,democrat,857488,democrat,997772,democrat,905083,democrat,897572
Delaware,45802.8,50115.1,53942.2,56265.5,59013.7,56897.3,57916.4,60545.8,59821.9,61365.4,61229.4,58637.7,60847.4,60577.0,62501.4,61866.7,59496.1,64123.6,66527.0,62889.0,61851.1,63162.6,64319.3,60177.80000000002,7.6,7.8,8.4,7.7,6.3,5.1,4.3,3.1,3.1,3.5,4.7,6.2,5.4,5.1,4.8,4.3,5.1,4.0,3.7,3.4,3.7,3.5,4.0,4.3,4.0,4.1,3.6,3.4,4.9,8.3,8.4,7.5,7.2,6.7,5.7,4.9,4.5,4.5,3.8,5.078947368421052,45993,48017,48836,50798,52930,50145.25,94517,97339,100741,104594,107520,109417,"114,481","120,208","114,014",103922.2,22984,24730,25557,26651,25963,26841,"41,773","40,404","41,697",25948.4,11277,11229,11385,14542,14891,14035,"14,212","15,622","15,366",12893.166666666666,935614,897936,6.0,21.8,16.4,51.6,70.8,22.2,0.7,3.8,0.1,2.5,8.9,86.3,8.4,12.6,87.7,28.9,75081,24.8,72.5,335707,59878,11.7,1948.54,460.8,4868.0,4836.0,5525.0,5105.0,5332.0,5983.0,6100.0,6187.0,5713.0,5608.0,5144.0,5048.0,4633.0,4576.0,4720.0,4859.0,5291.266666666666,23.0,26.0,21.0,28.0,37.0,42.0,39.0,57.0,41.0,51.0,48.0,56.0,41.0,54.0,63.0,58.0,44.13333333333333,1156.0,1154.0,1441.0,1343.0,1306.0,1791.0,1763.0,1847.0,1680.0,1839.0,1558.0,1498.0,1233.0,1269.0,1235.0,1359.0,1487.7333333333333,420.0,358.0,370.0,357.0,377.0,417.0,341.0,371.0,395.0,326.0,307.0,249.0,278.0,249.0,243.0,331.2857142857143,28.7,37.04,87.0,48,9.1,7.8,5.9,5.7,6.466666666666666,93.4,94.3,94.6,94.3,94.1,92.2,90.9,91.2,90.6,90.3,89.8,90.0,92.02727272727272,democrat,122461,republican,111252,republican,152190,republican,139639,democrat,126054,democrat,140355,democrat,180068,democrat,200152,democrat,255459,democrat,242584,democrat,235603
Florida,560807.2,588868.1,614442.1,641249.0,658349.1,684994.9,714958.5,757581.2,806805.0,834434.5,835637.2,803607.1,759432.2,766653.9,763484.1,768722.9,784238.4,806029.4,842269.4,870963.2,901903.5,936580.3,963255.9,777475.45,6.1,6.7,8.4,8.5,6.4,6.0,5.8,5.3,5.1,5.6,6.1,7.5,8.2,7.1,6.4,5.5,5.2,4.8,4.3,3.9,3.7,4.7,5.6,5.2,4.6,3.7,3.2,4.0,6.3,10.4,11.1,10.0,8.5,7.2,6.3,5.5,4.8,4.2,3.6,6.036842105263157,43140,45273,46073,48504,50964,47703.5,1952799,2026778,2091829,2140416,2235197,2326010,"2,380,063","2,446,928","2,500,489",2164046.0,418893,440557,457099,484234,498475,549159,"770,405","811,471","859,717",485904.8,161396,166977,182704,181324,199619,204772,"214,145","220,501","250,82",182798.66666666666,19893297,18804623,5.5,20.4,19.1,51.1,77.8,16.8,0.5,2.8,0.1,2.0,24.1,83.7,19.4,27.4,86.1,26.4,1569406,25.9,67.1,7158980,46956,16.3,53624.76,350.6,130713.0,128721.0,124280.0,123754.0,125957.0,129602.0,131878.0,126256.0,113541.0,101969.0,98198.0,94087.0,91993.0,107521.0,93626.0,88700.0,112005.53333333334,874.0,911.0,924.0,946.0,883.0,1129.0,1202.0,1168.0,1017.0,987.0,984.0,1009.0,972.0,1149.0,1041.0,1111.0,1028.8666666666666,32867.0,32581.0,31523.0,29997.0,30141.0,34147.0,38155.0,36268.0,30911.0,26086.0,25622.0,23889.0,23200.0,24914.0,21137.0,20175.0,28583.066666666666,6641.0,6753.0,6727.0,6612.0,6592.0,6475.0,6149.0,5972.0,5501.0,5373.0,5273.0,5260.0,4765.0,6051.0,5430.0,5923.785714285715,25.3,32.7,83.4,46,20.0,16.6,13.3,12.5,14.133333333333335,86.8,87.0,87.1,87.5,86.7,83.4,80.0,79.9,79.1,78.7,79.1,79.8,82.57272727272728,democrat,1636000,republican,2046951,republican,2730350,republican,2618885,republican,2173310,democrat,2546870,republican,2912790,republican,3964522,democrat,4282074,democrat,4237756,republican,4617886
Georgia,329106.6,353292.8,378237.4,391210.2,395041.3,399790.5,410866.0,429301.7,445803.4,451010.5,452706.7,442300.5,425155.8,430702.0,438060.2,443566.1,449796.1,465137.8,484378.4,500909.3,519452.6,538730.8,547422.7,445130.5818181818,6.3,6.4,7.8,7.7,6.1,6.4,6.0,5.7,5.7,5.5,5.5,5.2,6.9,6.0,5.2,4.8,4.7,4.6,4.3,3.9,3.6,4.0,5.0,4.8,4.8,5.3,4.7,4.5,6.2,9.9,10.5,10.2,9.2,8.2,7.1,6.0,5.4,4.7,3.9,5.957894736842104,39802,41804,42896,44894,46957,44137.75,1112702,1131924,1147777,1161118,1191096,1209458,"1,233,324","1,259,940","1,297,265",1168274.6,255300,277393,267388,272885,290666,298116,"442,513","453,269","478,261",281289.6,113358,107933,116731,125628,120235,127423,"135,824","142,415","136,923",118551.33333333333,10097343,9688681,6.6,24.7,12.4,51.2,62.1,31.5,0.5,3.8,0.1,2.0,9.3,83.6,9.7,13.3,84.7,28.0,690208,27.0,65.1,3518097,49179,18.2,57513.49,168.4,41671.0,39271.0,39435.0,40217.0,40725.0,44754.0,46917.0,47353.0,42073.0,39068.0,36762.0,37675.0,37519.0,38097.0,38643.0,40268.0,40585.13333333333,598.0,606.0,657.0,613.0,564.0,605.0,720.0,640.0,566.0,555.0,549.0,583.0,563.0,580.0,615.0,682.0,606.5333333333333,14402.0,13432.0,14043.0,13656.0,14041.0,15511.0,17291.0,17808.0,14631.0,12372.0,12266.0,12502.0,12704.0,12417.0,12247.0,12114.0,13802.333333333334,2180.0,2108.0,2234.0,2387.0,2143.0,2169.0,2198.0,2334.0,2323.0,2107.0,2066.0,2143.0,2022.0,2159.0,2296.0,2192.0714285714284,27.5,39.2,81.6,34,18.8,15.8,13.9,12.9,14.200000000000001,86.6,86.3,86.6,87.1,86.1,84.2,81.2,81.6,80.4,80.3,80.9,81.8,83.31818181818181,democrat,979409,democrat,890955,republican,1068722,republican,1081331,democrat,1008966,republican,1080843,republican,1419720,republican,1914254,republican,2048759,republican,2078688,republican,2089104
Hawaii,55741.2,54352.7,55174.2,56440.5,56133.3,57913.9,60828.5,64925.7,68553.0,70384.3,71179.7,71681.2,69122.5,71075.0,72236.3,73676.7,74294.1,74490.6,77176.6,79093.5,81039.5,82203.9,82471.4,69293.04999999999,5.0,5.4,6.3,6.2,5.7,5.4,4.8,3.8,3.2,2.5,2.7,2.9,4.3,4.5,5.5,5.9,6.3,6.2,6.1,5.4,4.2,4.5,4.2,4.1,3.4,2.9,2.6,2.8,4.3,7.2,6.9,6.8,6.0,4.9,4.4,3.6,3.0,2.4,2.4,4.571052631578948,47257,49489,51170,53433,55214,52326.5,171319,181621,188102,194906,198497,206271,"196,21","197,164","191,194",193879.4,39334,40483,43887,48110,47202,50267,"63,191","63,331","63,55",45989.8,11982,14561,14482,16466,14360,17756,"16,503","14,917","16,345",14934.5,1419561,1360301,6.4,21.7,16.1,49.4,26.7,2.5,0.4,37.5,10.0,23.0,10.1,84.9,17.9,25.4,90.4,30.1,112625,26.0,57.6,449771,67402,11.2,6422.63,211.8,3117.0,3262.0,3400.0,3213.0,3253.0,3608.0,3544.0,3510.0,3550.0,3603.0,3465.0,3378.0,3585.0,3680.0,4201.0,3452.0,3513.6,32.0,24.0,22.0,33.0,24.0,21.0,24.0,26.0,23.0,25.0,20.0,21.0,32.0,26.0,19.0,35.0,25.0,1142.0,1210.0,1168.0,944.0,1001.0,1144.0,1122.0,1085.0,1030.0,1065.0,994.0,1125.0,934.0,1107.0,1203.0,985.0,1074.4666666666667,409.0,372.0,367.0,333.0,343.0,353.0,377.0,363.0,385.0,377.0,353.0,279.0,366.0,314.0,400.0,355.85714285714283,29.6,64.32,88.5,53,6.7,5.3,4.0,3.5,4.266666666666667,95.8,95.9,96.2,96.5,96.0,94.7,93.3,93.1,92.9,92.1,93.0,93.5,94.2909090909091,democrat,147375,democrat,135879,republican,185050,democrat,192364,democrat,179310,democrat,205012,democrat,205286,democrat,231708,democrat,325871,democrat,306658,democrat,266891
Idaho,37119.7,38936.6,42645.0,47495.2,46197.7,47334.4,48624.8,51388.8,55380.9,57598.9,58716.6,59744.9,57073.0,57952.9,57825.3,57780.1,59966.8,61663.2,63235.7,65643.2,68412.2,72455.4,74937.1,56864.031818181815,7.5,7.7,9.9,8.9,7.3,7.9,8.4,7.6,6.0,5.3,5.5,6.2,6.4,6.0,5.4,5.4,5.3,5.1,5.1,4.9,4.7,5.1,5.6,5.6,4.9,4.0,3.5,3.1,5.1,8.8,9.0,8.3,7.2,6.1,4.8,4.2,3.8,3.2,2.8,5.897368421052631,37905,39783,40567,42268,44554,41793.0,187879,185668,191107,188281,192135,195842,"201,118","204,294","210,47",190606.6,36703,38997,37977,41981,38610,40854,"58,072","56,845","63,43",39683.8,10658,12218,13373,11328,11008,13585,"11,647","13,426","13,601",12028.333333333334,1634464,1567652,7.0,26.4,14.3,49.9,93.5,0.8,1.7,1.4,0.2,2.3,12.0,82.8,5.9,10.4,88.8,25.1,122955,20.0,69.8,579797,46767,15.5,82643.12,19.0,3211.0,3419.0,3362.0,3452.0,3670.0,3666.0,3841.0,3680.0,3805.0,3464.0,3202.0,3348.0,3471.0,3468.0,3568.0,3876.0,3552.8,30.0,36.0,26.0,31.0,35.0,35.0,49.0,23.0,24.0,22.0,35.0,30.0,29.0,32.0,32.0,49.0,32.53333333333333,245.0,240.0,245.0,241.0,266.0,294.0,243.0,239.0,254.0,213.0,188.0,243.0,220.0,204.0,192.0,213.0,233.0,425.0,497.0,535.0,594.0,577.0,611.0,607.0,579.0,575.0,533.0,444.0,495.0,516.0,468.0,533.0,540.2857142857143,23.9,55.48,85.2,49,16.2,13.6,11.0,10.1,11.566666666666668,89.2,88.9,89.9,89.9,89.0,86.4,83.8,83.8,83.5,82.3,82.6,82.8,85.7181818181818,republican,204151,republican,290699,republican,297523,republican,253881,republican,202645,republican,256595,republican,336937,republican,409235,republican,403012,republican,420911,republican,409055
Illinois,577495.8,596185.0,618287.8,640878.6,642463.5,646998.4,656380.3,675720.7,688522.6,706084.1,712910.5,701791.9,683432.0,694001.9,706705.2,720881.5,719922.2,735876.3,747666.8,746370.0,752459.2,769631.2,773135.5,697104.7818181817,8.2,8.5,11.4,11.8,9.0,9.1,8.3,7.4,6.7,6.0,6.1,7.3,7.9,7.4,5.8,5.2,5.3,4.8,4.4,4.4,4.3,5.3,6.5,6.8,6.2,5.7,4.5,5.0,6.3,10.2,10.4,9.7,9.0,9.0,7.1,6.0,5.8,4.9,4.3,6.942105263157896,49461,51753,52417,54252,57145,53891.75,1573198,1596278,1609995,1607472,1617154,1621054,"1,626,673","1,630,904","1,646,296",1610390.6,454634,465383,468387,469182,486949,490845,"735,457","727,26","748,523",476149.2,201222,205144,214749,221799,228295,218301,"227,29","226,551","235,681",214918.33333333334,12880580,12831587,6.1,23.2,13.9,50.9,77.5,14.7,0.6,5.3,0.1,1.8,16.7,86.8,13.8,22.3,87.3,31.4,727919,28.0,67.5,4772723,56797,14.1,55518.93,231.1,79270.0,75759.0,70376.0,69365.0,70496.0,69498.0,68528.0,67780.0,64185.0,57132.0,54523.0,53556.0,51956.0,47663.0,49354.0,56054.0,61748.333333333336,982.0,961.0,895.0,780.0,770.0,780.0,752.0,790.0,773.0,704.0,781.0,770.0,722.0,685.0,744.0,1061.0,797.8666666666667,24931.0,25314.0,23786.0,22582.0,23255.0,23782.0,23100.0,24054.0,22923.0,20386.0,20217.0,19480.0,17733.0,15299.0,14910.0,17829.0,20976.666666666668,4010.0,4370.0,4189.0,4220.0,4313.0,4078.0,4103.0,4118.0,3901.0,3066.0,3030.0,3581.0,3895.0,3081.0,3549.0,3821.0,30.6,42.16,85.7,49,12.7,9.7,7.1,6.5,7.766666666666666,92.6,93.0,93.2,93.5,92.9,90.3,87.3,87.2,86.9,86.2,86.7,87.6,89.52727272727275,republican,2364269,republican,2358049,republican,2707103,republican,2310939,democrat,2453350,democrat,2341744,democrat,2589026,democrat,2891550,democrat,3419348,democrat,3019512,democrat,3090729
Indiana,232155.1,246119.4,254015.2,264054.4,258792.5,265089.5,275172.6,284609.6,285607.9,291705.2,299415.9,298560.6,277763.6,295526.0,296674.3,297816.1,303966.8,313830.9,311850.4,316545.6,322969.3,332156.8,337636.1,292267.2136363636,9.6,9.9,12.0,11.2,8.6,7.8,6.9,6.2,5.2,4.9,5.3,6.0,6.6,5.4,4.9,4.6,4.1,3.5,3.1,3.0,3.1,4.2,5.2,5.3,5.4,5.5,5.0,4.6,5.9,10.3,10.4,9.1,8.3,7.7,6.0,4.8,4.4,3.6,3.4,6.089473684210527,41098,42650,43672,45244,47321,44721.75,724636,727051,736500,733119,753528,745968,"763,161","781,009","788,636",739233.2,168763,170759,173391,167682,177089,178574,"262,302","278,844","272,097",173499.0,54206,53691,62537,62990,67049,68848,"72,442","74,572","70,455",61553.5,6596855,6484192,6.4,24.0,14.3,50.7,86.1,9.6,0.4,2.0,0.1,1.9,6.6,84.9,4.7,8.2,87.2,23.2,455105,23.2,70.0,2481793,48248,15.4,35826.11,181.0,22734.0,22001.0,21842.0,20294.0,20302.0,20303.0,21310.0,21525.0,21455.0,20983.0,21619.0,22544.0,23627.0,24099.0,25653.0,26516.0,22271.533333333333,413.0,362.0,338.0,316.0,356.0,361.0,350.0,322.0,312.0,268.0,306.0,307.0,357.0,330.0,373.0,431.0,339.26666666666665,7171.0,6612.0,6401.0,6373.0,6809.0,7175.0,7845.0,7580.0,7347.0,6559.0,6977.0,6601.0,7114.0,6897.0,7111.0,7291.0,6979.466666666666,1716.0,1843.0,1720.0,1803.0,1856.0,1811.0,1738.0,1711.0,1621.0,1760.0,1758.0,1661.0,1623.0,1615.0,1789.0,1736.357142857143,22.5,53.1,84.8,46,14.0,11.9,9.6,8.1,9.866666666666667,91.3,91.7,91.8,91.9,90.4,88.1,86.0,85.7,85.5,85.2,85.7,86.6,88.05454545454546,republican,1183958,republican,1255656,republican,1377230,republican,1297763,republican,989375,republican,1006693,republican,1245836,republican,1479438,democrat,1374039,republican,1420543,republican,1557286
Iowa,113574.6,114400.3,116832.5,122360.4,120923.9,124277.0,129246.4,139960.2,143905.3,146068.4,152466.2,149735.5,146223.6,150099.2,152153.2,157838.6,157902.5,165641.4,170545.9,169488.8,168976.5,172844.7,173515.4,147518.44999999998,6.0,6.6,8.5,8.1,7.0,7.5,6.8,5.5,4.5,4.2,4.4,4.7,4.5,4.0,3.5,3.4,3.5,3.1,2.7,2.6,2.6,3.3,4.0,4.5,4.5,4.3,3.7,3.7,4.2,6.4,6.0,5.5,5.0,4.7,4.2,3.8,3.6,3.1,2.5,4.59736842105263,44801,46298,46547,47662,50175,47670.5,351960,358834,362972,361321,363292,365952,"365,596","365,871","370,97",362474.2,92307,98376,95823,95413,104860,98576,"136,461","137,608","134,909",98609.6,28073,31226,32220,32755,33361,33067,"36,721","37,08","32,446",31783.666666666668,3107126,3046869,6.3,23.4,15.8,50.3,92.1,3.4,0.5,2.2,0.1,1.7,5.6,84.8,4.5,7.2,91.0,25.7,226175,18.8,72.2,1226547,51843,12.4,55857.13,54.5,7865.0,8388.0,8175.0,8499.0,8697.0,8521.0,8970.0,8651.0,8485.0,8191.0,7883.0,8167.0,8443.0,8497.0,8936.0,9170.0,8511.533333333333,50.0,44.0,50.0,44.0,40.0,55.0,39.0,77.0,38.0,38.0,44.0,49.0,41.0,60.0,72.0,73.0,50.93333333333333,1154.0,1169.0,1131.0,1160.0,1153.0,1309.0,1328.0,1249.0,1201.0,1012.0,824.0,962.0,937.0,1045.0,1047.0,1150.0,1111.8,649.0,797.0,796.0,782.0,847.0,871.0,970.0,937.0,890.0,883.0,866.0,901.0,873.0,828.0,851.0,863.7142857142857,25.1,62.7,87.7,45,8.1,6.2,5.0,4.3,5.166666666666667,95.0,95.3,95.3,95.7,95.0,93.8,91.9,91.6,91.1,90.7,91.4,91.3,93.00909090909092,republican,632864,republican,676026,republican,703088,democrat,670557,democrat,586353,democrat,620258,democrat,638517,republican,751957,democrat,828940,democrat,822544,republican,800983
Kansas,104779.0,108386.0,110955.2,113937.6,114152.7,115707.1,117541.4,118320.6,122325.6,128914.9,135574.4,138822.5,133743.4,135182.0,138782.0,140764.1,140355.8,144131.5,147929.8,152511.5,154456.6,158192.7,160059.3,133215.75909090906,4.4,4.3,6.3,5.9,4.9,5.1,5.3,4.8,4.5,4.2,4.3,4.4,4.5,5.0,4.9,4.4,4.3,3.8,3.5,3.3,3.6,4.2,5.1,5.5,5.5,5.0,4.4,4.2,4.6,6.9,7.1,6.5,5.7,5.3,4.5,4.2,4.0,3.7,3.4,4.765789473684211,46881,47343,47390,48883,51261,48719.25,334595,340810,343815,349025,350757,346055,"344,31","351,293","349,114",346092.4,91477,92357,90966,95198,93390,98370,"134,341","137,173","141,959",94056.2,30693,33163,35663,34499,37179,38535,"41,554","41,766","41,798",34955.333333333336,2904021,2853132,6.9,24.9,14.3,50.2,86.8,6.3,1.2,2.8,0.1,2.8,11.4,83.2,6.7,11.0,89.8,30.3,211113,19.0,67.5,1110440,51332,13.7,81758.72,34.9,10909.0,10229.0,10831.0,10330.0,10701.0,11960.0,12730.0,11554.0,11460.0,10602.0,10209.0,10292.0,9928.0,10123.0,11353.0,11665.0,10931.133333333333,92.0,78.0,125.0,122.0,101.0,125.0,106.0,113.0,125.0,97.0,111.0,85.0,117.0,91.0,128.0,132.0,110.4,2423.0,2165.0,2247.0,1812.0,1795.0,1878.0,2022.0,1681.0,1786.0,1538.0,1448.0,1493.0,1339.0,1362.0,1818.0,1757.0,1742.7333333333333,945.0,1035.0,1085.0,1142.0,1098.0,1279.0,1287.0,1226.0,1179.0,1146.0,1122.0,1105.0,1003.0,1075.0,1251.0,1145.2142857142858,29.5,48.54,86.5,45,12.3,10.2,9.1,8.7,9.333333333333332,90.8,91.2,91.3,91.3,90.9,89.8,87.7,87.4,87.4,86.1,86.8,88.6,88.95454545454545,republican,502752,republican,566812,republican,677296,republican,554049,republican,449951,republican,583245,republican,622332,republican,736456,republican,699655,republican,692634,republican,671018
Kentucky,146881.4,151173.1,155866.0,151833.8,151767.5,155672.9,159399.5,163397.6,168840.3,173508.0,171850.3,172242.2,165300.6,172266.7,174202.7,176323.1,179499.1,179888.5,182487.9,183454.9,184600.8,187507.4,190811.5,170540.65454545454,8.0,8.6,10.8,11.4,9.3,9.2,9.4,8.5,7.6,6.4,6.0,7.3,6.9,6.2,5.4,5.4,5.5,5.3,4.6,4.5,4.2,5.2,5.7,6.1,5.4,5.9,5.7,5.4,6.4,10.3,10.2,9.4,8.2,8.0,6.5,5.3,5.1,4.9,4.3,6.855263157894737,37585,39199,39754,40904,42338,40548.75,495763,498745,502200,499981,503196,508192,"508,07","527,981","525,311",502462.8,98699,92956,95955,101574,104452,104436,"154,395","160,364","165,712",99874.6,40578,47302,48258,47653,48143,49806,"50,277","50,658","55,945",46956.666666666664,4413457,4339349,6.3,22.9,14.8,50.8,88.3,8.2,0.3,1.4,0.1,1.8,3.4,84.8,3.3,5.0,83.0,21.5,312365,22.8,68.4,1694996,43036,18.8,39486.34,109.9,10510.0,11101.0,10232.0,10152.0,11134.0,11361.0,12329.0,12690.0,11000.0,10604.0,10465.0,9852.0,9280.0,9340.0,9676.0,10452.0,10644.533333333333,181.0,191.0,181.0,236.0,190.0,173.0,206.0,201.0,184.0,188.0,151.0,201.0,172.0,160.0,209.0,265.0,193.86666666666667,3269.0,3131.0,3224.0,3268.0,3690.0,3850.0,4068.0,4080.0,3642.0,3748.0,3705.0,3547.0,3247.0,3336.0,3307.0,3371.0,3547.6,1051.0,1087.0,1124.0,1238.0,1421.0,1312.0,1365.0,1457.0,1531.0,1438.0,1499.0,1312.0,951.0,883.0,997.0,1258.2142857142858,21.0,53.64,81.0,37,14.3,8.5,6.0,5.1,6.533333333333334,93.6,94.4,94.6,94.9,94.0,91.5,85.7,86.1,85.6,84.7,85.5,86.8,89.43636363636364,democrat,615717,republican,635274,republican,821702,republican,734281,democrat,665104,democrat,636614,republican,872520,republican,1069439,republican,1048462,republican,1087190,republican,1202971
Louisiana,201663.3,208471.9,212728.9,206462.5,208982.4,213120.2,221295.9,231479.8,245727.5,243378.5,234521.9,235468.2,238921.7,247856.5,234299.7,233481.2,226345.4,232746.2,230434.0,225361.8,228819.3,235021.9,239967.2,228858.7545454546,6.9,8.4,10.3,11.5,10.1,11.6,12.8,12.1,10.8,8.0,6.2,7.3,8.0,7.6,7.8,7.0,6.6,6.0,5.7,5.1,5.3,5.7,6.1,6.4,5.9,7.2,4.5,4.3,4.9,6.8,8.0,7.8,7.1,6.7,6.4,6.3,6.1,5.1,4.9,7.326315789473685,42686,42900,42528,43932,46207,43891.75,525414,538196,545138,560255,568400,583410,"575,726","574,164","571,794",559079.8,115925,113221,117889,125056,130943,130464,"176,919","171,313","175,78",123514.6,38047,38005,43746,43165,46393,47003,"49,742","48,418","52,443",42726.5,4649676,4533479,6.6,23.9,13.6,51.1,63.4,32.5,0.8,1.8,0.1,1.5,4.8,85.8,3.9,8.7,82.6,21.8,304271,24.9,67.0,1707852,44874,19.1,43203.9,104.9,30678.0,29690.0,28622.0,28844.0,26889.0,30923.0,31789.0,29613.0,28878.0,25241.0,25373.0,22839.0,24127.0,23934.0,25208.0,26477.0,27229.8,501.0,593.0,584.0,574.0,450.0,555.0,625.0,544.0,529.0,500.0,506.0,489.0,494.0,477.0,481.0,555.0,530.4,7864.0,7123.0,7008.0,6564.0,5337.0,5928.0,6316.0,6241.0,6150.0,5297.0,5235.0,5458.0,5539.0,5695.0,5550.0,5575.0,5934.4,1403.0,1529.0,1601.0,1616.0,1421.0,1587.0,1427.0,1250.0,1351.0,1230.0,1262.0,1155.0,1248.0,992.0,1260.0,1352.0714285714287,21.4,19.02,80.1,29,16.6,14.8,11.9,10.3,12.333333333333334,91.1,92.0,91.6,89.7,88.1,85.2,83.4,83.1,82.5,82.2,82.6,83.0,85.76363636363637,democrat,661365,republican,792853,republican,1037299,republican,883702,democrat,815971,democrat,927837,republican,927871,republican,1102169,republican,1148275,republican,1152262,republican,1178638
Maine,43026.1,44223.8,46390.2,48524.6,49418.4,50636.0,51733.5,53529.4,53606.5,54279.0,54017.1,53925.8,53075.6,53790.1,53088.2,52866.6,52456.3,53445.1,53879.3,55088.1,55964.7,57302.7,58793.3,52728.83181818182,7.6,7.4,8.4,8.3,6.2,5.5,5.3,4.4,3.6,4.0,5.3,7.5,7.3,7.3,7.0,6.0,5.2,5.1,4.5,4.0,3.4,3.8,4.3,5.0,4.6,4.9,4.6,4.7,5.5,8.1,8.1,7.9,7.5,6.6,5.6,4.4,3.8,3.4,3.4,5.576315789473684,41826,43622,44832,46565,48792,45952.75,134785,134598,138419,142036,142409,141424,"148,982","150,514","151,89",139777.2,31992,33333,31660,34461,39747,37661,"53,6","55,355","58,051",35372.4,9128,11813,9716,12330,9162,11886,"15,103","15,176","13,895",10672.5,1330089,1328361,4.9,19.5,18.3,51.0,95.0,1.4,0.7,1.2,0.0,1.6,1.5,86.4,3.4,6.8,91.1,27.9,126842,23.3,71.8,553823,48453,13.6,30842.92,43.1,1435.0,1396.0,1422.0,1364.0,1483.0,1533.0,1565.0,1572.0,1580.0,1621.0,1638.0,1626.0,1761.0,1700.0,1729.0,1649.0,1575.9333333333334,19.0,14.0,16.0,18.0,19.0,23.0,20.0,31.0,26.0,24.0,26.0,26.0,24.0,21.0,23.0,20.0,22.066666666666666,264.0,270.0,289.0,289.0,323.0,383.0,349.0,333.0,399.0,412.0,370.0,420.0,335.0,304.0,311.0,268.0,337.0,326.0,377.0,354.0,315.0,326.0,341.0,392.0,379.0,375.0,389.0,394.0,372.0,366.0,360.0,354.0,363.85714285714283,26.9,73.84,86.0,66,11.2,10.1,8.4,8.0,8.833333333333334,92.0,92.0,91.9,92.0,91.6,89.9,88.8,89.8,89.3,89.9,89.5,89.6,90.39090909090908,republican,236320,republican,238522,republican,336500,republican,307131,democrat,263420,democrat,312788,democrat,319951,democrat,396842,democrat,421923,democrat,401306,democrat,357735
Maryland,221160.3,231791.8,240870.4,250851.4,260906.1,270898.8,277982.6,291995.5,306126.0,311609.6,311951.5,315724.0,314737.4,327088.7,333963.8,334555.5,334431.0,339991.3,349146.8,359987.5,365857.0,368810.4,374039.3,312423.4727272727,6.6,7.3,8.3,7.0,5.4,4.6,4.6,4.4,4.3,3.8,4.5,6.1,6.8,6.2,5.3,5.0,5.0,5.0,4.4,3.6,3.6,4.0,4.4,4.4,4.3,4.1,3.9,3.5,4.2,7.0,7.7,7.2,7.0,6.6,5.8,5.1,4.5,4.3,3.9,5.186842105263157,54696,57036,59011,60758,62708,59878.25,676041,702002,723401,735698,743805,755441,"762,848","763,965","766,007",732069.4,184186,195567,202108,201908,212549,212101,"345,164","348,426","356,798",204846.6,105385,107371,117922,123078,131723,125162,"126,101","125,734","130,237",118440.16666666667,5976407,5773785,6.2,22.6,13.8,51.5,60.1,30.3,0.6,6.4,0.1,2.6,9.3,86.7,14.0,16.7,88.7,36.8,427068,32.0,67.6,2146240,73538,9.8,9707.24,594.8,42088.0,42015.0,38778.0,38961.0,39369.0,38111.0,36063.0,35393.0,33625.0,31607.0,28817.0,28086.0,28235.0,26661.0,27462.0,29019.0,33480.13333333333,446.0,513.0,525.0,521.0,552.0,546.0,554.0,493.0,440.0,426.0,399.0,373.0,384.0,365.0,516.0,536.0,476.2,13525.0,13417.0,13302.0,12772.0,14378.0,14376.0,13258.0,13203.0,12007.0,11054.0,10342.0,10173.0,10048.0,9544.0,9863.0,10815.0,11903.466666666667,1449.0,1370.0,1358.0,1317.0,1266.0,1178.0,1179.0,1127.0,1156.0,1228.0,1200.0,1237.0,1179.0,1144.0,1184.0,1223.0714285714287,37.3,37.1,89.6,46,10.2,7.9,6.6,6.1,6.866666666666667,94.0,94.0,93.9,93.9,93.4,92.1,89.8,89.7,89.6,88.7,88.9,89.2,91.20000000000002,democrat,759612,democrat,726161,republican,879918,republican,876167,democrat,988571,democrat,966207,democrat,1144008,democrat,1334493,democrat,1629467,democrat,1677844,democrat,1677928
Massachusetts,302541.7,315056.7,332253.9,359286.0,363865.6,364926.0,374692.5,383895.8,391462.3,398277.7,408524.9,412191.8,408071.6,425028.7,435158.0,444478.2,446190.4,453778.2,471979.2,479184.9,490874.1,507806.0,519961.6,417588.36818181816,5.6,6.5,7.7,6.8,4.8,4.0,3.9,3.2,3.3,4.2,6.3,8.6,8.5,7.0,6.0,5.3,4.4,3.9,3.3,3.2,2.7,3.7,5.3,5.7,5.1,4.8,4.9,4.6,5.5,8.1,8.3,7.3,6.7,6.7,5.7,4.8,3.9,3.8,3.3,5.310526315789475,59963,63618,65725,68442,71801,67396.5,776948,795069,822376,848581,859952,881127,"883,574","910,639","932,245",841421.0,257428,263747,275899,277747,293302,297511,"488,184","505,522","529,42",281641.2,147868,151103,153562,167488,172398,181686,"182,28","190,348","193,548",162350.83333333334,6745408,6547817,5.4,20.6,15.1,51.5,82.6,8.3,0.5,6.3,0.1,2.2,10.8,86.7,15.0,21.9,89.4,39.4,383087,28.0,62.7,2530147,66866,11.4,7800.06,839.4,30585.0,31137.0,30377.0,29489.0,29644.0,32217.0,28487.0,30137.0,30503.0,30737.0,28232.0,27047.0,27264.0,26399.0,26562.0,25975.0,28947.133333333335,143.0,173.0,140.0,171.0,178.0,188.0,187.0,166.0,173.0,214.0,184.0,121.0,138.0,132.0,128.0,135.0,161.86666666666667,6476.0,7169.0,8011.0,7484.0,7837.0,8080.0,7021.0,7077.0,7467.0,6897.0,6768.0,6555.0,6705.0,6036.0,5288.0,5365.0,6917.333333333333,1856.0,1777.0,1848.0,1794.0,1751.0,1771.0,1643.0,1751.0,1734.0,1784.0,1654.0,1650.0,1722.0,1629.0,1608.0,1722.5714285714287,38.2,59.92,88.3,67,3.7,3.3,2.8,2.5,2.8666666666666667,97.0,97.2,97.2,97.5,97.2,96.7,96.3,96.1,95.7,95.6,95.8,96.1,96.49090909090908,democrat,1429475,republican,1057631,republican,1310936,democrat,1401415,democrat,1318639,democrat,1571509,democrat,1616487,democrat,1803800,democrat,1904097,democrat,1921290,democrat,1995196
Michigan,397122.0,406342.6,429690.5,438344.6,423746.0,435280.8,442746.4,444437.7,450635.9,443561.4,441120.4,416626.5,380048.2,400941.8,411427.2,418742.3,425327.3,430935.6,442287.6,451025.9,457341.5,467828.0,471648.1,433185.74090909085,12.3,12.4,15.4,14.4,11.2,10.0,8.8,8.3,7.5,7.1,7.6,9.2,9.0,7.2,6.0,5.3,4.9,4.3,3.9,3.7,3.6,5.2,6.3,7.2,7.0,6.8,7.0,7.0,8.0,13.7,12.6,10.4,9.1,8.8,7.2,5.4,5.0,4.6,4.1,7.76842105263158,41150,43477,44637,45948,47777,45459.75,1045160,1054442,1052919,1070051,1092521,1114078,"1,141,809","1,167,148","1,194,201",1076802.2,233923,238645,243463,253480,256641,274364,"396,866","424,146","434,664",253318.6,95358,94577,99055,109522,119977,111487,"115,862","131,714","124,811",104996.0,9909877,9884133,5.8,22.4,15.4,50.9,79.9,14.2,0.7,2.9,0.0,2.3,4.8,85.3,6.1,9.1,88.9,25.9,672213,24.0,72.1,3823280,48411,16.8,56538.9,174.8,55424.0,54306.0,51550.0,49737.0,55936.0,56981.0,53765.0,51512.0,49825.0,48693.0,43731.0,44962.0,44757.0,42348.0,41231.0,45782.0,49007.73333333333,672.0,678.0,612.0,643.0,629.0,721.0,661.0,554.0,623.0,580.0,617.0,701.0,625.0,535.0,571.0,612.0,624.1333333333333,12937.0,11847.0,11254.0,11336.0,13348.0,14229.0,13365.0,13246.0,12427.0,11522.0,10263.0,10423.0,10093.0,8021.0,7796.0,7123.0,11086.2,5264.0,5364.0,5470.0,5482.0,5199.0,5347.0,4592.0,4507.0,4524.0,4733.0,4344.0,4635.0,4506.0,4049.0,4163.0,4779.642857142857,24.6,46.12,83.8,47,11.0,8.5,6.1,5.4,6.666666666666667,94.2,94.6,94.8,94.6,93.9,91.5,89.0,88.6,88.2,87.6,87.8,89.0,90.87272727272727,republican,1893742,republican,1915225,republican,2251571,republican,1965486,democrat,1871182,democrat,1989653,democrat,2170418,democrat,2479183,democrat,2872579,democrat,2564569,republican,2279543
Minnesota,212510.9,223846.7,231480.8,247296.8,247001.6,252674.8,263658.3,274834.1,282487.5,282580.8,283857.8,286093.3,276033.2,285746.3,292275.1,296272.5,303222.5,312084.0,316863.3,321980.0,327667.5,337215.9,341041.4,285737.0090909091,5.8,5.8,7.9,8.0,6.3,6.0,5.5,5.1,4.3,4.3,4.8,5.1,5.1,5.0,4.1,3.7,4.0,3.3,2.7,2.8,3.2,3.8,4.5,4.9,4.7,4.1,4.0,4.6,5.4,7.8,7.4,6.5,5.6,5.0,4.2,3.7,3.9,3.4,2.9,4.826315789473684,50258,52355,53083,54960,57371,54442.25,666992,672464,686855,687330,706349,696370,"697,952","711,944","716,635",689873.6,202719,210266,214706,211083,214468,223789,"298,857","319,899","327,902",214862.4,66387,65910,69077,71063,83170,79809,"76,503","85,776","88,436",72569.33333333333,5457173,5303925,6.4,23.5,14.3,50.3,85.7,5.9,1.3,4.7,0.1,2.3,5.1,85.6,7.3,10.7,92.1,32.6,366990,22.9,72.5,2107232,59836,11.5,79626.74,66.6,13145.0,13428.0,13316.0,13751.0,15243.0,16042.0,15054.0,13853.0,12874.0,12515.0,12323.0,12419.0,12710.0,12505.0,13319.0,13365.0,13514.466666666667,119.0,112.0,127.0,113.0,115.0,126.0,116.0,110.0,74.0,96.0,75.0,99.0,114.0,88.0,133.0,101.0,106.6,3758.0,3937.0,3906.0,4070.0,4724.0,5441.0,4770.0,4179.0,3619.0,3388.0,3385.0,3475.0,3674.0,3687.0,3771.0,3730.0,3983.733333333333,2236.0,2273.0,2092.0,2123.0,2258.0,1645.0,1873.0,1805.0,1789.0,1798.0,2113.0,1638.0,1453.0,1452.0,1686.0,1857.0,31.5,67.72,88.6,51,8.2,5.9,4.5,4.1,4.833333333333333,95.1,95.6,95.6,95.9,95.5,94.1,91.8,92.0,91.2,90.9,90.9,91.6,93.19090909090909,democrat,1070440,democrat,954173,democrat,1036364,democrat,1109471,democrat,1020997,democrat,1120380,democratic-farmer-labor,1168266,democratic-farmer-labor,1445014,democrat,1573354,democratic-farmer-labor,1546167,democrat,1367705
Mississippi,83272.8,85301.7,87641.0,88089.1,87345.8,88354.0,92036.3,93754.3,95499.9,97973.5,100386.4,104471.7,99784.7,100043.3,98765.3,99616.3,99456.4,99501.2,100013.6,100412.1,101071.7,102061.7,102656.4,96556.20000000001,7.4,8.5,11.1,12.1,10.5,10.4,11.4,10.0,8.4,7.8,7.6,8.5,8.1,6.6,6.3,6.2,6.0,5.7,5.3,5.1,5.4,5.5,6.6,6.3,6.2,7.5,6.5,6.1,6.6,9.5,10.4,10.0,9.0,8.5,7.5,6.4,5.8,5.1,4.8,7.613157894736841,34547,35206,35672,36536,37852,36316.5,311817,316126,319352,318427,330736,327020,"333,009","312,377","335,585",322332.2,53612,54686,57954,53590,63106,62442,"86,903","79,407","91,866",58355.6,22896,23325,24060,25663,28681,23978,"26,207","24,836","27,74",24767.166666666668,2994079,2968103,6.5,24.4,14.3,51.4,59.7,37.5,0.6,1.0,0.1,1.2,3.0,85.8,2.2,3.9,81.5,20.1,200748,23.9,69.4,1088073,39031,22.7,46923.27,63.2,10006.0,9858.0,9336.0,8568.0,8131.0,9076.0,8502.0,8942.0,8451.0,7999.0,8009.0,7769.0,8303.0,8338.0,8254.0,8411.0,8529.8,282.0,264.0,267.0,227.0,214.0,231.0,202.0,236.0,194.0,204.0,232.0,213.0,217.0,258.0,259.0,237.0,230.33333333333334,3294.0,3356.0,3016.0,2503.0,2405.0,3259.0,2896.0,3079.0,2969.0,2777.0,2496.0,2277.0,2413.0,2430.0,2294.0,2433.0,2706.866666666667,1147.0,1127.0,1079.0,1161.0,1147.0,1039.0,1033.0,958.0,991.0,931.0,863.0,819.0,726.0,764.0,862.0,964.2857142857143,19.6,36.6,78.1,23,17.1,14.5,12.7,11.8,13.0,87.0,87.9,88.0,88.2,87.3,85.5,82.9,83.0,82.3,81.8,82.1,83.0,84.72727272727273,democrat,381329,republican,441089,republican,582377,republican,557890,republican,487793,republican,439838,republican,572844,republican,672660,republican,724597,republican,710746,republican,700714
Missouri,227965.4,232133.8,238759.9,245259.5,243468.1,246885.3,253103.3,258558.8,263282.4,264421.0,264552.9,271729.6,264872.5,269057.9,266254.6,268861.9,271475.9,272786.8,276316.7,276210.9,279264.3,284696.3,287659.3,263618.7136363636,7.2,7.6,9.2,9.9,7.2,6.5,6.2,6.3,5.7,5.5,5.8,6.6,6.2,6.2,5.1,4.7,4.8,4.3,4.2,3.3,3.6,4.6,5.4,5.6,5.9,5.4,4.8,5.1,6.1,9.3,9.6,8.5,6.9,6.7,6.1,5.0,4.6,3.8,3.2,5.9342105263157885,41775,43153,44318,45342,47109,44980.5,690485,709721,714762,723468,721764,726046,"736,783","747,12","764,037",719152.2,167570,169218,174104,177523,179656,178293,"269,437","273,994","283,506",175758.8,70133,75511,75006,77247,84703,81704,"81,544","84,431","88,414",77384.0,6063589,5988923,6.2,23.0,15.4,50.9,83.5,11.8,0.5,1.9,0.1,2.1,4.0,83.8,3.9,6.1,87.6,26.2,479828,23.1,68.4,2360131,47380,15.5,68741.52,87.1,30472.0,30557.0,28067.0,28226.0,30477.0,31897.0,32962.0,29701.0,29513.0,27440.0,26888.0,27189.0,26216.0,26856.0,30261.0,31720.0,29198.0,372.0,331.0,289.0,354.0,402.0,369.0,367.0,456.0,387.0,420.0,366.0,390.0,369.0,403.0,502.0,538.0,396.2,7771.0,7024.0,6686.0,6630.0,7196.0,7597.0,7728.0,7395.0,7437.0,6185.0,6275.0,5782.0,5486.0,5592.0,6376.0,6576.0,6664.333333333333,1383.0,1465.0,1400.0,1479.0,1625.0,1764.0,1785.0,1612.0,1606.0,1445.0,1469.0,1527.0,1679.0,1706.0,1854.0,1601.142857142857,25.2,35.9,84.5,40,13.0,11.7,9.8,8.9,10.133333333333333,90.0,90.6,90.9,91.1,90.2,88.3,87.0,86.4,86.3,86.8,86.8,87.6,88.36363636363636,democrat,998387,republican,1074181,republican,1274188,republican,1084953,democrat,1053873,democrat,1025935,republican,1189924,republican,1455713,republican,1445814,republican,1482440,republican,1594511
Montana,29197.0,30477.6,30588.8,31369.8,31573.4,32514.1,33860.3,35323.0,37078.1,38473.9,40401.9,40112.7,39388.1,40595.1,41511.3,42041.6,42429.7,43285.1,45042.5,44580.7,45480.6,46627.5,47916.3,39121.459090909084,6.1,6.8,8.5,8.6,7.6,7.7,7.9,7.4,6.6,5.8,6.0,6.9,6.7,6.0,5.2,5.7,5.3,5.3,5.5,5.3,5.0,4.5,4.4,4.7,4.8,4.4,3.5,3.6,5.1,6.8,7.3,6.9,6.0,5.4,4.7,4.2,4.1,3.9,3.7,5.731578947368422,41901,43627,44024,46199,48194,45511.0,111477,117052,114985,117479,118512,120750,"117,221","122,676","128,346",117755.6,30816,31704,32260,28318,30303,31792,"40,657","42,434","43,388",30875.4,6599,7085,7611,10241,9398,10562,"8,777","8,436","10,949",8582.666666666666,1023579,989417,6.0,22.0,16.7,49.8,89.4,0.6,6.6,0.8,0.1,2.6,3.5,83.6,2.0,4.4,92.1,28.7,94404,18.0,68.3,405525,46230,15.2,145545.8,6.8,3187.0,3197.0,3351.0,2723.0,2634.0,3564.0,3638.0,3013.0,2798.0,2733.0,2755.0,2803.0,2924.0,3313.0,3611.0,3886.0,3129.5333333333333,34.0,16.0,30.0,30.0,18.0,33.0,27.0,40.0,32.0,25.0,29.0,29.0,23.0,37.0,36.0,37.0,29.466666666666665,230.0,283.0,298.0,233.0,177.0,233.0,233.0,204.0,228.0,154.0,171.0,202.0,217.0,203.0,210.0,268.0,220.93333333333334,188.0,237.0,246.0,273.0,301.0,348.0,363.0,358.0,357.0,332.0,366.0,392.0,382.0,430.0,431.0,344.0,27.4,54.54,84.8,52,16.5,14.2,11.6,8.1,11.299999999999999,91.7,91.8,91.5,91.9,88.4,85.8,83.5,82.0,81.7,82.7,81.8,82.5,85.7818181818182,republican,173703,republican,206814,republican,232450,republican,190412,democrat,154507,republican,179652,republican,240178,republican,266063,republican,242763,republican,267928,republican,279240
Nebraska,70790.6,72421.4,73893.4,76663.0,78425.4,79684.7,84099.1,86116.1,89082.3,91535.2,93581.2,94070.1,94343.4,97830.1,102685.1,102605.3,103974.8,107394.4,110752.9,111611.7,113754.2,115087.9,117395.2,95318.49545454544,3.9,4.2,5.6,5.6,4.5,5.2,5.0,4.4,3.6,2.9,2.3,2.7,2.9,2.8,2.6,2.6,2.7,2.5,2.6,2.8,2.8,3.1,3.6,3.9,3.9,3.8,3.1,3.0,3.3,4.6,4.6,4.4,4.0,3.8,3.3,3.0,3.1,2.9,2.8,3.539473684210526,48953,50725,49615,50645,52890,50968.75,219999,223214,224828,224494,229621,232501,"231,114","237,514","239,172",226931.6,61386,58386,62330,63975,71903,62368,"95,456","96,669","99,272",63792.4,18884,20363,21659,24107,21231,25334,"25,537","26,994","28,7",21929.666666666668,1881503,1826341,6.9,24.8,14.4,50.2,89.4,4.9,1.4,2.2,0.1,2.0,10.2,83.3,6.3,10.5,90.5,28.5,142176,18.1,67.0,725787,51672,12.8,76824.17,23.8,5214.0,5428.0,5105.0,5393.0,5052.0,5197.0,5524.0,5570.0,5199.0,5093.0,4672.0,4802.0,4949.0,5275.0,5212.0,5661.0,5208.8,43.0,48.0,56.0,40.0,44.0,51.0,71.0,69.0,41.0,54.0,68.0,52.0,56.0,54.0,62.0,49.0,54.333333333333336,1128.0,1359.0,1165.0,1138.0,1040.0,1136.0,1115.0,1297.0,1220.0,1020.0,993.0,1128.0,1035.0,1043.0,994.0,946.0,1108.6,431.0,464.0,504.0,620.0,581.0,577.0,550.0,601.0,617.0,674.0,699.0,710.0,621.0,620.0,652.0,606.4285714285714,27.4,61.46,87.7,46,11.3,9.7,8.2,8.6,8.833333333333334,91.7,91.7,91.7,91.4,91.8,90.3,88.7,88.7,88.6,88.5,88.1,89.2,89.88181818181819,republican,359219,republican,419214,republican,460054,republican,397956,republican,343678,republican,363467,republican,433862,republican,512814,republican,452979,republican,475064,republican,495961
Nevada,89876.8,94699.9,101215.2,105454.6,106669.9,110165.0,115128.3,127760.6,138796.4,144601.7,144315.1,138588.7,127108.7,128878.9,129748.1,127789.1,128341.2,129405.2,134892.2,138638.9,143590.9,149663.0,153728.6,128144.55454545455,6.2,7.2,9.9,9.6,7.9,7.7,6.2,6.1,5.2,4.7,4.7,5.8,6.7,6.8,6.2,5.6,5.0,4.4,4.2,4.0,4.2,5.2,5.6,5.1,4.3,4.1,4.0,4.5,6.7,11.3,13.5,13.0,11.2,9.6,7.9,6.8,5.7,5.1,4.6,6.586842105263158,41505,44314,45351,47650,50000,46828.75,320659,320345,334022,339892,346736,359446,"370,239","385,594","392,557",340088.2,60389,60361,66520,64731,68275,67353,"96,304","104,534","103,95",65448.0,20623,18329,21683,20492,22201,21223,"23,122","25,914","24,81",20758.5,2839099,2700692,6.2,23.4,14.2,49.7,76.2,9.1,1.6,8.3,0.7,4.0,27.8,77.7,19.1,29.3,84.6,22.4,226555,23.8,56.7,999016,52800,15.0,109781.18,24.6,12359.0,13856.0,13813.0,14379.0,14654.0,18687.0,19365.0,18973.0,18639.0,17929.0,15452.0,16763.0,16888.0,18045.0,20118.0,19924.0,17165.666666666668,180.0,181.0,197.0,172.0,206.0,226.0,193.0,165.0,156.0,158.0,139.0,124.0,163.0,170.0,178.0,228.0,177.06666666666666,4932.0,5118.0,5225.0,4905.0,4702.0,7038.0,6938.0,6486.0,6028.0,5298.0,4308.0,4918.0,5183.0,5954.0,6287.0,6338.0,5648.4,883.0,928.0,871.0,954.0,1016.0,1092.0,1096.0,1106.0,1024.0,965.0,913.0,931.0,1090.0,995.0,1238.0,1015.6428571428571,21.8,32.64,84.6,51,20.7,15.2,12.3,11.4,12.966666666666667,88.6,88.8,88.8,88.6,87.7,84.8,79.3,77.8,78.1,77.4,78.1,79.3,82.60909090909091,republican,101273,republican,155017,republican,188770,republican,206040,democrat,189148,democrat,203974,republican,301575,republican,418690,democrat,533736,democrat,531373,democrat,539260
New Hampshire,48424.0,51616.7,53051.7,56718.8,57429.2,59057.6,61610.0,63497.8,64350.0,65926.9,65674.6,64960.3,64419.6,66460.5,66859.3,67635.7,68124.5,69506.5,71419.1,73022.7,74253.6,76165.3,77240.3,65409.122727272734,4.5,5.2,6.8,5.5,4.3,3.7,2.8,2.3,2.4,3.5,5.7,7.3,7.3,6.1,4.7,4.0,3.8,3.3,2.8,2.7,2.7,3.4,4.5,4.3,3.8,3.6,3.4,3.5,3.9,6.2,5.8,5.4,5.5,5.1,4.3,3.4,2.9,2.7,2.5,4.239473684210527,52669,54533,56513,58759,61471,57819.0,135026,135065,137567,140874,144326,147196,"150,88","153,638","157,983",141005.6,37989,39453,41831,37671,40090,45174,"66,824","68,344","65,105",40843.8,13334,15088,15089,13597,17102,18103,"20,207","21,018","20,554",15385.5,1326813,1316466,4.9,20.1,15.9,50.6,94.0,1.5,0.3,2.5,0.0,1.6,3.3,86.5,5.4,8.0,91.8,33.7,112790,26.3,71.4,518245,64916,8.7,8952.65,147.0,2144.0,2056.0,1937.0,2202.0,1761.0,1785.0,1896.0,2054.0,2125.0,2204.0,2864.0,2841.0,2952.0,2602.0,2652.0,2668.0,2306.6,17.0,12.0,17.0,17.0,19.0,13.0,12.0,14.0,11.0,13.0,16.0,15.0,21.0,12.0,14.0,19.0,15.0,445.0,413.0,480.0,500.0,365.0,435.0,451.0,421.0,454.0,450.0,509.0,471.0,647.0,537.0,468.0,431.0,468.8,458.0,446.0,438.0,466.0,406.0,295.0,357.0,385.0,399.0,411.0,581.0,486.0,522.0,458.0,461.0,436.5,32.0,68.98,90.8,67,10.7,9.2,6.3,5.9,7.133333333333333,93.7,94.3,94.2,94.1,93.7,90.8,89.3,89.4,89.5,88.9,89.8,89.5,91.22727272727272,republican,185935,republican,221705,republican,267050,republican,281537,democrat,209040,democrat,246166,republican,273559,democrat,340511,democrat,384826,democrat,369561,democrat,348526
New Jersey,425868.6,433367.0,448528.9,472786.5,476264.2,486924.3,499353.6,507222.7,513115.9,523842.5,526661.0,532724.6,510832.5,516400.5,510773.3,519569.0,526889.9,524420.4,535284.5,540380.3,540656.6,549000.8,556731.0,511442.2727272727,7.2,7.4,8.7,8.0,6.2,5.6,5.0,4.1,3.8,4.1,5.0,6.7,8.4,7.6,6.8,6.4,6.1,5.3,4.6,4.5,3.7,4.3,5.8,5.8,4.8,4.5,4.7,4.3,5.3,9.1,9.5,9.3,9.3,8.2,6.8,5.8,5.0,4.6,4.1,6.0315789473684225,58670,61153,62842,64983,67845,64205.75,1005918,1023484,1024011,1036125,1053318,1060132,"1,072,646","1,089,374","1,075,852",1039414.0,318860,310839,323807,325166,334344,344430,"514,631","539,527","543,499",327717.2,137772,140406,151265,159970,152972,158566,"163,197","177,487","169,185",150158.5,8938175,8791936,6.0,22.5,14.7,51.2,73.0,14.8,0.6,9.4,0.1,2.1,19.3,90.1,21.2,30.0,88.1,35.8,437652,30.4,65.6,3186418,71629,10.4,7354.22,1195.5,33094.0,32252.0,31488.0,30943.0,30919.0,30550.0,28544.0,28351.0,27113.0,27055.0,27203.0,25727.0,25748.0,23346.0,22879.0,21861.0,27598.6,336.0,339.0,406.0,392.0,417.0,427.0,381.0,376.0,319.0,371.0,380.0,388.0,404.0,349.0,363.0,378.0,379.3333333333333,14110.0,13955.0,13342.0,13076.0,13215.0,13360.0,12567.0,12701.0,11639.0,11818.0,12209.0,11385.0,12084.0,10498.0,9729.0,8940.0,12034.533333333333,1278.0,1365.0,1288.0,1331.0,1208.0,1201.0,1032.0,1122.0,1041.0,981.0,1006.0,1035.0,861.0,953.0,1019.0,1103.0714285714287,34.5,47.38,88.9,45,13.2,10.9,8.7,8.0,9.200000000000001,92.1,92.6,92.3,92.0,91.3,89.1,86.8,87.3,86.9,86.8,87.4,88.0,89.13636363636361,republican,1509688,republican,1546557,republican,1933630,republican,1743192,democrat,1436206,democrat,1652361,democrat,1788850,democrat,1911430,democrat,2215422,democrat,2122786,democrat,2148278
New Mexico,67428.3,67071.2,70696.3,71960.2,72027.1,74241.5,77088.4,82784.5,83793.8,85852.3,86474.5,85937.9,87636.8,87053.8,87225.0,87644.8,86624.8,89372.2,91679.5,91713.9,91772.3,93870.9,98765.7,84149.42727272728,7.6,7.3,9.2,9.7,7.8,8.3,9.3,8.7,7.5,6.7,6.6,7.1,7.2,7.0,6.5,6.6,7.2,6.3,6.1,5.6,4.9,4.9,5.5,5.9,5.5,5.1,4.2,3.8,4.5,7.5,8.1,7.5,7.1,6.9,6.7,6.5,6.6,5.9,4.9,6.6499999999999995,37207,38320,39025,39747,41670,39690.5,219846,230729,234467,233177,238604,231232,"243,382","247,363","246,2",233641.8,35456,42066,40813,41494,40993,37565,"65,564","67,744","64,864",40586.2,16297,15448,18331,22131,19424,21528,"20,333","21,267","19,97",18859.833333333332,2085572,2059192,6.6,24.1,15.3,50.5,82.8,2.5,10.4,1.7,0.2,2.5,47.7,85.3,9.8,36.1,83.6,25.8,172717,21.6,68.7,761938,44927,20.4,121298.15,17.0,14288.0,13719.0,12535.0,13081.0,12448.0,12797.0,13311.0,12967.0,12709.0,12147.0,11904.0,11660.0,12990.0,12459.0,13681.0,14585.0,12866.2,99.0,152.0,116.0,169.0,144.0,134.0,183.0,161.0,198.0,140.0,158.0,116.0,123.0,101.0,117.0,139.0,143.4,2695.0,2206.0,1937.0,2062.0,1893.0,2095.0,2323.0,2151.0,1932.0,1616.0,1720.0,1847.0,1832.0,2086.0,2485.0,2737.0,2061.4666666666667,850.0,1027.0,940.0,1039.0,1041.0,1073.0,1028.0,1118.0,1069.0,959.0,856.0,957.0,1135.0,1071.0,1215.0,1037.7142857142858,25.3,42.94,79.4,43,18.6,14.5,10.9,9.2,11.533333333333331,90.0,90.5,90.9,90.8,89.1,85.5,81.4,81.6,80.2,80.4,80.3,79.3,84.54545454545453,republican,211419,republican,250779,republican,307101,republican,270341,democrat,261617,democrat,273495,democrat,286783,republican,376930,democrat,472422,democrat,415335,democrat,385234
New York,977600.5,996014.7,1046471.5,1084844.3,1107932.3,1098776.8,1101603.6,1129017.5,1167640.1,1196694.8,1203502.8,1177915.1,1221256.0,1267972.0,1270516.7,1323400.8,1325490.0,1347559.8,1372232.4,1397723.7,1424905.5,1467076.8,1490678.5,1237237.5318181817,7.5,7.6,8.5,8.7,7.2,6.6,6.2,4.9,4.3,5.0,5.3,7.2,8.6,7.9,6.9,6.3,6.2,6.4,5.6,5.2,4.5,4.8,6.1,6.4,5.8,5.0,4.5,4.6,5.4,8.3,8.6,8.3,8.5,7.7,6.3,5.3,4.9,4.7,4.1,6.2736842105263175,56758,59243,61401,65814,68657,63778.75,2342090,2391858,2441573,2492759,2549884,2582494,"2,606,044","2,651,959","2,627,987",2491713.6,711288,717970,748651,782518,800461,834676,"1,284,441","1,311,673","1,332,263",776855.2,387056,406083,410388,418254,435851,433097,"449,621","462,426","465,527",415121.5,19746227,19378112,6.0,21.4,14.7,51.5,70.4,17.6,1.0,8.5,0.1,2.4,18.6,88.8,22.1,29.9,85.2,33.2,912499,31.6,54.2,7234743,58003,15.3,47126.4,411.2,98022.0,95030.0,89486.0,84914.0,85839.0,84016.0,79962.0,77546.0,75110.0,76492.0,77463.0,79535.0,77563.0,75398.0,,74315.0,80904.92857142857,960.0,909.0,934.0,889.0,874.0,922.0,805.0,836.0,781.0,868.0,769.0,683.0,644.0,617.0,,629.0,797.1428571428571,36555.0,36653.0,35790.0,33506.0,35179.0,34459.0,31085.0,31787.0,28141.0,28630.0,28405.0,28633.0,27241.0,24045.0,,22310.0,30418.85714285714,3546.0,3885.0,3775.0,3608.0,3636.0,3168.0,2928.0,2798.0,2582.0,2797.0,2751.0,2837.0,2575.0,3918.0,,3173.6923076923076,32.4,45.56,84.1,54,10.7,8.7,7.1,6.1,7.3,94.8,94.6,94.3,93.9,92.9,91.3,89.3,89.1,88.6,88.1,88.6,88.6,90.84545454545456,democrat,3244165,democrat,2728372,republican,3376519,democrat,3255487,democrat,3346894,democrat,3649630,democrat,3942215,democrat,4180755,democrat,4645332,democrat,4324228,democrat,4379789
North Carolina,316586.7,327708.6,345598.8,357823.8,360773.1,365828.8,374588.0,387840.1,406293.9,431796.2,436767.3,446612.8,427493.8,433916.7,438423.4,439539.7,445109.6,455295.7,469535.6,477523.8,489026.6,501955.0,511539.9,424135.9636363636,6.4,6.5,9.2,9.0,6.7,5.6,5.3,4.5,3.6,3.5,4.1,5.8,6.0,5.0,4.4,4.3,4.3,3.7,3.5,3.2,3.7,5.5,6.6,6.4,5.5,5.2,4.7,4.7,6.1,10.6,10.9,10.3,9.3,8.0,6.3,5.7,5.1,4.5,3.9,5.821052631578947,40069,41839,42816,44409,46216,43820.0,1065012,1064677,1082165,1102471,1123702,1143191,"1,184,050","1,219,077","1,255,301",1103241.2,265598,270702,275505,280926,289694,295317,"434,047","468,044","476,238",282428.8,91441,97397,106489,116101,115255,121085,"128,372","138,088","128,29",107961.33333333333,9943964,9535691,6.1,23.0,14.7,51.3,71.5,22.1,1.6,2.7,0.1,2.1,9.0,84.7,7.6,10.9,84.9,27.3,724295,23.6,66.4,3715565,46334,17.5,48617.91,196.1,40465.0,39118.0,38243.0,38244.0,40650.0,42088.0,42231.0,43125.0,37946.0,34679.0,33421.0,34464.0,33587.0,32767.0,34852.0,37767.0,37545.46666666667,505.0,548.0,506.0,532.0,585.0,539.0,584.0,599.0,489.0,474.0,498.0,479.0,463.0,510.0,517.0,678.0,533.4,13304.0,12205.0,12229.0,11782.0,12635.0,13468.0,13534.0,14323.0,11825.0,9620.0,9448.0,9392.0,9275.0,8416.0,8825.0,9336.0,11087.533333333333,2083.0,2196.0,2139.0,2339.0,2302.0,2495.0,2386.0,2296.0,2306.0,2002.0,1959.0,1984.0,1790.0,1740.0,1939.0,2133.785714285714,26.5,45.72,82.8,35,15.6,13.1,11.2,10.4,11.566666666666665,88.7,89.3,89.3,89.6,88.8,86.9,84.4,83.4,83.7,83.2,83.9,84.5,86.0909090909091,democrat,927365,republican,915018,republican,1346481,republican,1237258,republican,1134661,republican,1225938,republican,1631163,republican,1961166,democrat,2142651,republican,2270395,republican,2362631
North Dakota,22465.5,23732.2,23755.9,24653.3,25078.5,26404.4,27996.7,28255.5,29166.5,30371.3,31790.4,34304.4,35297.2,37974.9,42208.5,51624.6,52385.5,56554.6,55067.4,51137.3,51291.2,53472.8,53930.2,38475.15,4.9,4.8,5.6,5.7,5.3,5.7,5.9,5.0,4.7,4.3,4.0,4.4,4.7,4.3,3.7,3.2,2.9,2.7,2.9,3.3,3.0,2.9,3.7,3.7,3.4,3.4,3.2,3.1,3.2,4.1,3.8,3.5,3.1,2.9,2.7,2.8,3.1,2.7,2.6,3.789473684210526,56314,53762,51832,52736,55788,53529.5,85204,88905,94401,96348,101825,108196,"110,433","109,563","108,575",97935.0,24292,24705,26175,23439,27759,31729,"42,227","44,475","41,506",26761.4,7263,7275,8658,8349,7322,8917,"9,204","11,745","8,007",7964.0,739482,672591,6.9,22.8,14.2,48.7,89.1,2.1,5.4,1.3,0.1,2.0,3.2,82.8,2.7,5.3,90.9,27.2,53157,16.9,66.1,287270,53741,11.9,69000.8,9.7,505.0,496.0,508.0,558.0,706.0,1255.0,1343.0,1441.0,1723.0,1548.0,1699.0,1723.0,1979.0,1960.0,1812.0,1905.0,1377.0666666666666,7.0,5.0,9.0,8.0,12.0,14.0,17.0,11.0,12.0,10.0,24.0,25.0,16.0,22.0,21.0,16.0,14.8,60.0,58.0,53.0,43.0,54.0,75.0,75.0,73.0,107.0,90.0,91.0,127.0,161.0,173.0,148.0,181.0,100.6,164.0,163.0,160.0,177.0,180.0,241.0,252.0,331.0,296.0,245.0,266.0,279.0,288.0,276.0,276.0,245.0,25.8,65.12,88.9,47,10.4,7.9,7.8,7.0,7.566666666666666,93.1,92.7,92.5,93.0,92.2,92.1,89.6,90.0,90.2,90.2,90.3,90.0,91.16363636363637,republican,153684,republican,193695,republican,200336,republican,166559,republican,136244,republican,125050,republican,174852,republican,196651,republican,168601,republican,188320,republican,216794
Ohio,471714.9,488114.8,499141.6,509601.7,502294.2,514107.0,522440.1,534605.6,544256.4,541618.7,541676.4,533103.6,506691.3,520300.6,536583.2,540882.4,550692.3,571424.7,579943.2,585044.7,592725.7,606141.5,615474.4,542584.7318181817,8.4,9.4,12.7,12.4,9.5,8.9,8.3,7.1,6.0,5.5,5.6,6.5,7.4,6.6,5.6,4.8,5.0,4.6,4.3,4.3,4.0,4.3,5.7,6.2,6.3,5.9,5.4,5.6,6.4,10.3,10.3,8.8,7.4,7.5,5.8,4.9,5.0,5.0,4.6,6.681578947368423,42755,44405,45226,46829,48747,46301.75,1280620,1283827,1294361,1306851,1336570,1367228,"1,376,749","1,406,599","1,418,627",1317767.4,293867,290294,304881,314912,328871,330763,"489,95","501,392","517,998",313944.2,121975,128754,133863,144462,145823,145618,"147,83","157,439","165,268",136749.16666666666,11594163,11536725,6.0,22.8,15.5,51.1,83.0,12.6,0.3,2.0,0.1,2.1,3.5,85.5,4.0,6.6,88.5,25.2,864923,23.0,67.5,4557655,48308,15.8,40860.69,282.3,40023.0,40128.0,38185.0,38787.0,40162.0,41491.0,40759.0,40436.0,38305.0,36306.0,35218.0,34827.0,33722.0,33030.0,33898.0,35759.0,37400.86666666667,452.0,526.0,526.0,506.0,590.0,560.0,529.0,547.0,527.0,479.0,500.0,478.0,478.0,464.0,500.0,683.0,526.2,17199.0,17871.0,16895.0,17429.0,18673.0,19418.0,18351.0,18706.0,17670.0,16486.0,15991.0,15396.0,14483.0,12753.0,12554.0,12574.0,16350.0,4466.0,4809.0,4660.0,4744.0,4671.0,4770.0,4661.0,4531.0,4119.0,3730.0,3679.0,3813.0,3594.0,4097.0,4154.0,4288.0,24.1,53.44,84.2,42,11.0,8.4,6.5,5.6,6.833333333333333,93.4,93.5,94.0,94.4,93.5,91.6,89.0,88.5,88.1,87.7,87.8,88.7,90.61818181818182,democrat,2009959,republican,2206545,republican,2678559,republican,2416549,democrat,1984942,democrat,2148222,republican,2350363,republican,2859764,democrat,2940044,democrat,2827621,republican,2841005
Oklahoma,115319.1,117847.1,119748.7,124234.5,128704.2,131054.0,132931.1,137086.0,142824.8,152481.9,155335.4,161437.0,159371.6,159534.9,165209.7,173238.8,176862.6,186307.0,193237.7,188063.3,188157.2,193204.7,197900.4,158398.75454545455,4.4,3.6,6.0,8.4,7.1,7.2,8.2,7.3,6.4,5.6,5.7,6.3,6.0,5.9,5.6,4.6,4.1,4.1,4.3,3.5,3.0,3.7,4.7,5.5,4.9,4.5,4.0,4.1,3.7,6.4,6.8,5.9,5.2,5.3,4.5,4.4,4.8,4.2,3.4,5.234210526315789,45542,44192,41887,43794,45843,43929.0,441123,446113,454900,456713,466877,476266,"478,56","483,919","493,229",460173.8,90318,98884,99096,101196,101763,103451,"143,589","143,712","141,885",100878.0,27700,29169,32279,31120,35148,32445,"36,194","36,205","40,524",31310.166666666668,3878051,3751616,6.8,24.6,14.5,50.5,75.1,7.7,9.0,2.1,0.2,5.9,9.8,82.5,5.5,9.4,86.4,23.5,312492,21.0,67.1,1444081,45339,16.9,68594.92,54.7,17726.0,17587.0,17758.0,17635.0,18044.0,17905.0,18234.0,19359.0,18560.0,18100.0,17311.0,18102.0,17187.0,15744.0,16506.0,17855.0,17725.8,185.0,163.0,206.0,186.0,187.0,210.0,224.0,215.0,234.0,195.0,212.0,220.0,198.0,175.0,234.0,247.0,207.06666666666666,2746.0,2966.0,3224.0,3090.0,3230.0,3145.0,3392.0,3698.0,3358.0,3345.0,3288.0,3248.0,3023.0,3048.0,3005.0,3174.0,3215.6,1486.0,1573.0,1501.0,1557.0,1481.0,1488.0,1565.0,1471.0,1535.0,1469.0,1410.0,1622.0,1715.0,1277.0,1352.0,1501.142857142857,22.7,37.78,83.4,34,17.7,15.4,13.9,13.8,14.366666666666667,85.7,85.8,85.8,86.2,86.1,84.6,82.3,81.6,81.3,81.1,81.3,81.3,83.39999999999999,republican,545708,republican,695570,republican,861530,republican,678367,republican,592929,republican,582315,republican,744337,republican,959792,republican,960165,republican,891325,republican,949136
Oregon,118564.5,124188.4,126886.3,137819.7,136691.8,139645.3,145500.1,152854.0,158368.7,167910.6,171016.6,173802.0,166581.6,169013.8,173881.1,174427.6,175811.6,181754.9,191864.2,201059.5,209581.3,219279.9,225336.8,169239.8090909091,8.5,9.8,11.5,10.8,9.4,8.8,8.0,6.3,5.8,5.4,5.5,6.4,7.4,7.0,5.4,4.9,5.7,5.7,5.7,5.5,5.1,6.4,7.5,8.1,7.3,6.2,5.3,5.2,6.5,11.3,10.6,9.5,8.8,7.9,6.8,5.6,4.8,4.1,4.2,7.005263157894738,42493,45163,46586,48762,51500,48002.75,459953,471057,476578,482360,487555,503719,"524,906","530,833","543,991",484253.8,114366,115543,117859,117274,125745,132830,"200,006","212,508","209,018",121850.2,40349,42933,47201,47167,47288,57053,"59,071","59,539","57,5",46998.5,3970239,3831073,5.8,21.6,16.0,50.5,87.9,2.0,1.8,4.3,0.4,3.6,12.5,82.0,9.8,14.8,89.4,29.7,323205,22.5,62.0,1516456,50229,16.2,95988.01,39.9,10650.0,10298.0,10506.0,10724.0,10444.0,10534.0,11015.0,9909.0,9968.0,9648.0,9643.0,9638.0,9536.0,9224.0,10468.0,10983.0,10169.2,84.0,72.0,68.0,90.0,80.0,88.0,76.0,87.0,88.0,96.0,84.0,91.0,82.0,81.0,99.0,116.0,86.53333333333333,2749.0,2742.0,2847.0,2751.0,2478.0,2711.0,2864.0,2656.0,2499.0,2421.0,2237.0,2419.0,2394.0,2093.0,2146.0,2307.0,2504.3333333333335,1174.0,1238.0,1218.0,1283.0,1266.0,1219.0,1276.0,1183.0,1202.0,1239.0,1239.0,1159.0,1000.0,1052.0,1164.0,1195.5714285714287,29.2,58.56,83.6,52,14.7,9.7,7.0,6.2,7.633333333333333,92.8,92.9,93.2,93.8,93.0,90.3,85.3,85.1,84.3,82.9,83.0,84.2,88.0,republican,492120,republican,571044,republican,685700,democrat,616206,democrat,621314,democrat,649641,democrat,720342,democrat,943163,democrat,1037291,democrat,970488,democrat,1002106
Pennsylvania,496609.8,509829.9,524701.8,538013.6,544612.8,549673.5,561781.4,576989.8,587274.2,591252.7,610285.2,623068.2,605016.9,622140.0,630906.6,640663.1,650802.3,666555.8,682527.0,691316.2,695560.8,708856.9,726165.9,615363.3909090911,8.0,8.4,11.2,11.5,9.1,8.0,6.9,5.6,5.0,4.7,5.5,7.0,7.6,7.0,6.3,5.9,5.4,5.1,4.6,4.4,4.1,4.8,5.6,5.7,5.4,5.0,4.6,4.4,5.3,8.0,8.5,7.9,7.8,7.4,5.9,5.3,5.4,4.9,4.3,6.30263157894737,48434,50407,51818,53306,56032,52890.75,1380761,1405373,1439376,1462920,1489699,1518212,"1,548,766","1,565,491","1,576,448",1463116.0,359281,369345,388519,403879,414843,424846,"652,368","661,456","676,063",400286.4,162111,170724,180149,185976,194063,199027,"200,607","219,939","215,605",182008.33333333334,12787209,12702884,5.6,21.1,16.7,51.1,82.9,11.6,0.3,3.3,0.1,1.8,6.6,88.0,6.0,10.3,88.7,27.5,943417,25.9,69.8,4958427,52548,13.3,44742.7,283.9,50432.0,49578.0,49210.0,50998.0,52761.0,55028.0,51806.0,51044.0,48188.0,46612.0,46189.0,45384.0,42825.0,40164.0,40339.0,40389.0,47367.666666666664,651.0,624.0,647.0,650.0,756.0,741.0,725.0,705.0,664.0,653.0,639.0,707.0,611.0,614.0,658.0,674.0,671.2,17500.0,17163.0,17980.0,18474.0,19214.0,21095.0,19440.0,18873.0,17504.0,16375.0,16165.0,15735.0,14739.0,13534.0,13003.0,12314.0,16773.866666666665,3467.0,3731.0,3556.0,3535.0,3586.0,3611.0,3443.0,3485.0,3626.0,3472.0,3339.0,3371.0,2728.0,2787.0,3122.0,3385.1428571428573,26.4,52.5,86.4,47,9.7,8.5,6.4,5.6,6.833333333333333,94.2,94.5,94.5,94.4,93.6,91.5,90.3,90.2,89.9,89.8,90.1,91.0,91.8,democrat,2328677,republican,2261872,republican,2584323,republican,2300087,democrat,2239164,democrat,2215819,democrat,2485967,democrat,2938095,democrat,3276363,democrat,2990274,republican,2970733
Rhode Island,40140.7,41920.3,43160.5,45252.1,45904.3,47584.9,49348.1,51553.5,52286.0,53492.4,51994.2,50412.0,50217.3,51364.7,51262.8,51607.4,51679.0,52005.5,52957.8,53030.2,52727.7,53135.5,53668.0,50298.372727272734,7.2,7.8,9.7,8.3,5.5,4.6,4.1,3.6,3.1,4.1,6.3,8.6,8.9,7.7,6.9,6.3,5.4,5.1,4.6,4.2,4.1,4.6,5.0,5.3,5.2,5.0,4.9,5.2,7.8,11.0,11.2,11.0,10.4,9.3,7.7,6.0,5.2,4.4,4.1,6.373684210526315,48169,49939,50655,52644,54431,51917.25,109422,115010,116408,120866,122927,130237,"135,049","135,171","139,28",121089.6,29963,32781,29816,36025,32238,35371,"58,008","52,982","56,847",33246.2,15161,12784,14757,15721,15862,16508,"16,27","18,375","19,45",15132.166666666666,1055173,1052931,5.2,20.2,15.7,51.5,85.1,7.7,0.9,3.5,0.2,2.6,14.0,86.5,13.1,21.1,85.2,31.3,70621,23.6,61.2,410058,56361,13.6,1033.81,1018.1,3278.0,3051.0,3074.0,2673.0,2710.0,2460.0,2424.0,2656.0,2678.0,2709.0,2586.0,2657.0,2710.0,2313.0,2562.0,2529.0,2652.8,39.0,41.0,25.0,26.0,34.0,27.0,19.0,31.0,32.0,29.0,20.0,36.0,31.0,25.0,29.0,29.0,28.933333333333334,986.0,916.0,830.0,731.0,776.0,740.0,760.0,880.0,785.0,782.0,744.0,715.0,683.0,529.0,556.0,541.0,731.2,416.0,395.0,505.0,320.0,323.0,289.0,258.0,282.0,296.0,298.0,319.0,292.0,333.0,253.0,338.0,321.5,30.5,64.24,85.2,51,11.6,7.4,5.7,4.3,5.800000000000001,95.9,95.9,95.4,95.7,94.3,92.6,88.4,88.9,89.2,87.8,88.7,89.8,91.51818181818182,democrat,227636,democrat,198342,republican,212080,democrat,225123,democrat,213299,democrat,233050,democrat,249508,democrat,259760,democrat,296571,democrat,279677,democrat,252525
South Carolina,134954.4,139902.7,146306.1,150403.1,151083.0,154711.8,160100.1,162209.0,166563.8,170333.5,174793.1,174565.8,166930.9,170151.9,174119.1,175328.5,178757.4,183579.7,190294.1,196477.4,202644.5,209012.5,214933.7,173327.35,6.7,8.1,11.1,9.9,6.9,6.9,6.4,5.5,4.7,4.6,4.8,6.1,6.7,7.3,6.2,5.2,5.8,4.6,3.8,4.3,3.8,5.2,5.8,6.9,6.8,6.7,6.4,5.7,6.8,11.2,11.2,10.6,9.2,7.6,6.5,6.0,5.0,4.3,3.4,6.526315789473683,37624,39446,40569,42227,43912,41538.5,505112,510430,523109,525132,537765,561787,"571,848","578,485","592,739",531644.6,114723,112654,114977,120670,120141,130138,"187,507","187,421","202,609",119716.0,44525,42085,46687,50241,50259,54350,"53,596","55,682","55,136",48024.5,4832482,4625401,6.0,22.4,15.8,51.4,68.3,27.8,0.5,1.5,0.1,1.7,5.4,84.7,4.8,6.8,84.5,25.1,391660,23.5,69.1,1780251,44779,18.1,30060.7,153.9,33114.0,33761.0,33455.0,33160.0,32590.0,33322.0,34630.0,32746.0,30799.0,27923.0,27894.0,26474.0,24263.0,24052.0,24700.0,25137.0,29660.4,330.0,298.0,303.0,286.0,314.0,362.0,364.0,307.0,305.0,265.0,320.0,332.0,305.0,311.0,399.0,358.0,321.93333333333334,5987.0,5774.0,5801.0,5468.0,5657.0,5902.0,6354.0,6595.0,5753.0,5017.0,4631.0,4511.0,3965.0,3997.0,3931.0,4071.0,5161.8,1769.0,1959.0,1952.0,1772.0,1862.0,1834.0,1773.0,1686.0,1663.0,1551.0,1678.0,1712.0,1739.0,1480.0,1707.0,1740.5714285714287,24.3,36.44,82.1,30,15.8,13.6,10.9,10.0,11.5,89.2,89.5,89.0,90.0,89.1,86.4,84.2,83.2,83.3,82.5,83.2,83.3,85.7909090909091,democrat,450807,republican,439277,republican,615539,republican,606443,republican,577507,republican,573339,republican,786892,republican,937974,republican,1034896,republican,1071645,republican,1155389
South Dakota,25038.2,26511.1,27510.9,29399.2,29631.8,32767.8,33381.1,34383.5,35781.6,36393.5,38204.1,39454.1,39891.4,40367.3,42947.2,43550.7,43737.7,44449.7,45371.8,45733.6,46023.9,47287.0,47559.7,38651.75909090909,4.8,5.0,5.5,5.2,4.4,4.8,4.6,4.2,4.1,4.0,3.8,3.5,3.3,3.4,3.3,3.0,3.2,2.9,2.8,2.7,2.5,3.1,3.2,3.5,3.7,3.8,3.1,2.8,3.1,4.9,5.0,4.7,4.3,3.8,3.4,3.1,3.0,3.2,3.0,3.7078947368421047,46957,48678,48724,49787,52633,49955.5,96073,95592,102173,103033,103074,102933,"100,997","106,756","107,821",101361.0,24393,25096,23995,25727,26141,27160,"38,207","35,44","40,289",25623.8,6581,7354,8265,7455,7982,7874,"9,683","8,978","10,261",7585.166666666667,853175,814191,7.1,24.7,15.3,49.7,85.7,1.9,8.9,1.3,0.1,2.2,3.6,83.6,2.8,6.8,90.4,26.2,67886,16.9,68.0,323136,49495,14.1,75811.0,10.7,1171.0,1350.0,1329.0,1319.0,1387.0,2071.0,1926.0,2227.0,1777.0,2196.0,2105.0,2701.0,2733.0,2786.0,3289.0,3636.0,2188.8,7.0,11.0,10.0,17.0,18.0,30.0,31.0,37.0,30.0,23.0,20.0,23.0,18.0,20.0,32.0,28.0,23.2,103.0,117.0,104.0,112.0,145.0,158.0,118.0,134.0,117.0,154.0,167.0,157.0,156.0,200.0,216.0,274.0,155.26666666666668,351.0,361.0,356.0,336.0,377.0,465.0,433.0,562.0,501.0,385.0,503.0,600.0,454.0,413.0,441.0,441.92857142857144,25.1,53.64,85.9,41,11.3,9.8,10.2,8.7,9.566666666666666,89.8,90.2,90.9,91.3,89.8,90.2,88.7,88.5,88.1,87.6,86.9,88.9,89.19090909090909,republican,151505,republican,198343,republican,200267,republican,165415,republican,136718,republican,150543,republican,190700,republican,232584,republican,203054,republican,210610,republican,227721
Tennessee,210740.0,223901.3,230731.6,233697.5,232785.7,240535.8,247175.6,259206.0,264652.9,271344.5,268668.2,271927.5,262836.7,266473.5,274626.7,283482.0,287259.0,291661.7,302970.2,308157.4,314849.9,323316.8,328406.3,272212.1272727274,7.4,9.0,11.7,11.5,8.5,7.9,7.9,6.6,5.8,5.1,5.3,6.8,6.5,5.8,4.8,5.2,5.2,5.3,4.3,4.0,3.9,4.6,5.2,5.6,5.3,5.6,5.2,4.7,6.6,10.5,9.7,9.0,7.8,7.8,6.6,5.6,4.7,3.8,3.5,6.392105263157894,40799,42626,43626,45233,47210,44673.75,718988,737657,749143,751885,767066,777408,"807,452","834,732","842,338",756631.8,149982,159828,170070,175171,176895,184026,"275,38","292,448","286,898",173198.0,67359,64399,68688,74873,73670,80298,"84,038","90,945","78,791",71547.83333333333,6549352,6346275,6.1,22.8,15.1,51.3,78.9,17.1,0.4,1.7,0.1,1.7,5.0,84.6,4.6,6.6,84.4,23.8,484901,24.3,67.8,2475195,44298,17.6,41234.9,153.9,42776.0,41562.0,40409.0,41113.0,45104.0,46043.0,46482.0,44913.0,41933.0,38909.0,38895.0,41213.0,38063.0,39848.0,40400.0,42459.0,41823.066666666666,423.0,420.0,396.0,357.0,431.0,419.0,405.0,412.0,468.0,359.0,380.0,400.0,335.0,371.0,406.0,495.0,403.6,10219.0,9413.0,9413.0,8863.0,10009.0,11143.0,11033.0,10804.0,9653.0,8361.0,8082.0,8151.0,7333.0,7265.0,7474.0,7829.0,8988.4,2196.0,2290.0,2129.0,2282.0,2194.0,2194.0,2201.0,2078.0,2019.0,2173.0,2095.0,2047.0,1904.0,1861.0,1966.0,2102.3571428571427,23.0,31.74,81.8,27,13.9,12.0,10.3,9.0,10.433333333333334,89.9,89.9,90.5,91.0,89.7,88.0,86.1,86.1,85.4,85.6,85.7,87.1,87.73636363636363,democrat,825879,republican,787761,republican,990212,republican,947233,democrat,933521,democrat,909146,republican,1061949,republican,1384375,republican,1479178,republican,1462330,republican,1522925
Texas,872557.4,927742.2,963961.7,998148.9,1021693.4,1042350.8,1048182.1,1104047.5,1132550.4,1209018.2,1273882.1,1274662.1,1270964.6,1301808.3,1343700.8,1410447.8,1470464.6,1518613.7,1595969.5,1606579.8,1651329.5,1715231.0,1764357.2,1302077.5545454544,5.1,5.3,6.9,7.9,6.1,7.0,8.8,8.4,7.3,6.7,6.3,6.9,7.6,7.2,6.5,6.1,5.7,5.3,4.9,4.7,4.3,5.0,6.4,6.7,5.9,5.4,4.9,4.3,4.8,7.6,8.1,7.8,6.7,6.3,5.1,4.4,4.6,4.3,3.9,6.107894736842106,46310,46553,45803,48394,51136,47971.5,2981169,3072514,3169138,3250338,3345754,3447694,"3,547,482","3,640,816","3,727,676",3257087.6,697641,720274,730605,784969,812101,852300,"1,228,026","1,276,751","1,312,561",780049.8,240730,262755,274243,295887,313154,318597,"336,774","352,472","371,27",284227.6666666667,26956958,25146104,7.3,26.4,11.5,50.4,80.0,12.5,1.0,4.5,0.1,1.8,38.6,82.8,16.3,34.7,81.2,26.7,1583272,25.0,63.3,8886471,51900,17.6,261231.71,96.3,122155.0,126018.0,122246.0,121554.0,121091.0,121602.0,122014.0,123585.0,121684.0,113231.0,104734.0,106475.0,108757.0,109414.0,113227.0,121064.0,117113.06666666667,1332.0,1302.0,1422.0,1364.0,1407.0,1386.0,1419.0,1370.0,1330.0,1249.0,1130.0,1148.0,1140.0,1184.0,1316.0,1478.0,1309.6666666666667,35348.0,37580.0,37017.0,35817.0,35790.0,37256.0,38778.0,37739.0,38022.0,32843.0,28620.0,30385.0,31810.0,31181.0,31934.0,33298.0,34538.0,8169.0,8508.0,8025.0,8388.0,8511.0,8429.0,8460.0,8055.0,8311.0,7622.0,7486.0,7715.0,7610.0,8236.0,8925.0,8162.928571428572,25.5,35.96,82.8,36,22.1,19.1,17.1,16.6,17.6,81.6,82.3,82.7,83.4,82.9,80.9,77.9,77.5,77.0,76.3,76.2,76.6,79.42727272727274,democrat,2082319,republican,2510705,republican,3433428,republican,3036829,republican,2496071,republican,2736167,republican,3799639,republican,4526917,republican,4479328,republican,4569843,republican,4685047
Utah,80662.0,85713.8,89291.6,92626.6,94102.6,95899.2,97639.9,102827.2,109278.2,118621.1,124508.8,123382.1,120997.5,123476.3,127216.9,128764.2,132169.1,136325.2,141602.0,147555.5,153986.0,162574.4,168792.7,121697.76818181817,6.2,6.6,8.2,8.7,6.5,6.0,6.1,6.2,5.0,4.5,4.4,4.7,4.8,4.1,3.8,3.5,3.4,3.2,3.6,3.5,3.3,4.4,5.8,5.6,5.0,4.1,3.0,2.6,3.6,7.3,7.8,6.7,5.4,4.6,3.8,3.6,3.4,3.3,3.1,4.821052631578948,38524,40899,42375,44178,47008,43615.0,410024,398495,407184,406894,398712,406490,"415,611","422,012","431,335",403555.0,102179,101163,101077,105148,100289,107626,"150,48","155,537","158,17",103060.6,25910,28289,32682,33386,29603,30404,"38,186","35,286","39,145",30045.666666666668,2942902,2763885,8.6,30.7,10.0,49.7,91.4,1.3,1.5,2.4,1.0,2.4,13.5,82.8,8.2,14.3,90.9,30.3,143771,21.4,70.1,886770,58821,12.7,82169.62,33.6,5314.0,5488.0,5889.0,5647.0,5612.0,5771.0,6347.0,6165.0,5998.0,5925.0,5547.0,5939.0,6644.0,6346.0,7071.0,7406.0,6119.666666666667,67.0,47.0,60.0,46.0,56.0,51.0,59.0,41.0,39.0,53.0,50.0,52.0,51.0,67.0,54.0,74.0,53.333333333333336,1197.0,1140.0,1258.0,1236.0,1095.0,1242.0,1425.0,1421.0,1304.0,1269.0,1079.0,1105.0,1247.0,1312.0,1326.0,1528.0,1265.8,896.0,943.0,919.0,967.0,920.0,891.0,935.0,915.0,941.0,983.0,901.0,975.0,926.0,945.0,1098.0,947.0714285714286,28.5,65.54,88.2,36,14.0,12.5,10.5,8.8,10.6,90.3,90.6,90.8,91.2,89.5,87.5,86.0,85.5,84.7,84.7,85.4,85.0,87.35454545454546,republican,337908,republican,439687,republican,469105,republican,428442,republican,322632,republican,361911,republican,515096,republican,663742,republican,596030,republican,740600,republican,515211
Vermont,20072.4,20705.4,21845.8,23022.8,23710.2,24452.8,25293.8,26554.2,26899.5,27126.3,26793.2,27426.3,26999.5,28116.1,28732.9,28893.6,28367.9,28510.1,28876.6,29206.3,29312.4,29565.4,29806.2,26828.059090909086,6.2,5.8,7.0,6.4,5.1,4.8,4.3,3.6,3.0,3.5,5.0,6.6,6.1,5.2,4.6,4.3,4.3,3.9,3.4,3.0,2.8,3.3,4.0,4.3,3.7,3.5,3.7,4.0,4.7,6.6,6.1,5.5,5.0,4.4,3.9,3.6,3.2,3.0,2.7,4.418421052631579,47803,49395,50420,51697,53531,51260.75,65216,66033,64752,65372,69006,64762,"65,879","68,936","72,485",65985.0,17637,19885,18482,19810,19047,20646,"28,322","29,451","34,574",19574.0,6292,7370,6716,7404,9051,6872,"8,072","8,179","9,033",7284.166666666667,626562,625745,4.9,19.4,16.9,50.7,95.0,1.2,0.4,1.6,0.0,1.8,1.8,86.6,4.1,5.2,91.4,34.8,48456,22.2,71.0,257004,54267,11.8,9216.66,67.9,644.0,658.0,707.0,713.0,782.0,905.0,802.0,854.0,837.0,820.0,925.0,891.0,775.0,622.0,739.0,851.0,792.0666666666667,7.0,13.0,15.0,16.0,8.0,14.0,13.0,17.0,8.0,7.0,11.0,8.0,10.0,10.0,10.0,14.0,11.6,107.0,77.0,62.0,78.0,76.0,114.0,79.0,93.0,111.0,76.0,99.0,114.0,75.0,70.0,101.0,78.0,86.86666666666666,107.0,126.0,126.0,160.0,153.0,173.0,128.0,133.0,132.0,141.0,146.0,131.0,113.0,99.0,121.0,134.42857142857142,33.1,69.06,87.8,66,7.2,5.0,3.8,3.7,4.166666666666667,95.5,96.0,95.4,96.3,96.2,95.0,92.8,93.5,93.4,92.0,91.4,91.2,93.92727272727271,republican,100387,republican,94628,republican,135865,republican,124331,democrat,133592,democrat,137894,democrat,149022,democrat,184067,democrat,219262,democrat,199239,democrat,178573
Virginia,298715.9,315005.0,331118.0,346997.3,358918.3,362314.0,376191.2,393832.9,415610.6,423471.1,426911.6,427071.4,426182.7,437964.5,442260.6,445120.7,446625.0,446790.6,455830.0,460185.0,468125.4,478835.0,489168.4,417024.05909090914,5.2,6.0,7.4,6.4,5.1,5.5,5.0,4.3,3.9,3.9,4.5,5.9,6.3,5.2,4.9,4.5,4.4,3.8,2.9,2.7,2.3,3.2,4.2,4.1,3.8,3.6,3.1,3.0,3.9,6.7,7.1,6.6,6.1,5.7,5.2,4.5,4.1,3.7,3.0,4.644736842105262,50761,52742,53792,55631,57964,55032.25,969768,1005812,1045400,1057570,1069950,1082827,"1,065,540","1,084,730","1,093,068",1052311.8,269774,291171,293347,290715,299806,305837,"473,137","487,047","486,362",296175.2,137494,142002,152081,158300,162915,158633,"169,388","164,94","165,743",151904.16666666666,8326289,8001023,6.2,22.4,13.8,50.8,70.5,19.7,0.5,6.3,0.1,2.8,8.9,84.7,11.3,14.9,87.5,35.2,726470,27.7,67.3,3022739,63907,11.3,39490.09,202.6,20939.0,21256.0,20490.0,20608.0,21434.0,21683.0,21035.0,20031.0,18195.0,17184.0,16014.0,15676.0,16355.0,16340.0,16399.0,18495.0,18746.333333333332,364.0,388.0,416.0,390.0,458.0,403.0,415.0,370.0,370.0,376.0,304.0,322.0,320.0,338.0,383.0,482.0,382.3333333333333,6860.0,6961.0,6713.0,6899.0,7495.0,7779.0,7696.0,7470.0,6342.0,5678.0,5425.0,4718.0,4574.0,4292.0,4441.0,4826.0,6087.266666666666,1770.0,1839.0,1807.0,1816.0,1763.0,1829.0,1793.0,1794.0,1572.0,1580.0,1591.0,1505.0,1476.0,1432.0,1493.0,1663.5714285714287,34.0,50.46,88.2,39,12.3,10.9,9.1,8.7,9.566666666666666,92.1,91.2,91.2,91.3,90.9,89.1,87.7,87.5,87.5,86.9,88.1,88.4,89.07272727272728,republican,836554,republican,989609,republican,1337078,republican,1309162,republican,1150517,republican,1138350,republican,1437490,republican,1716959,democrat,1959532,democrat,1971820,democrat,1981473
Washington,271457.1,288446.3,309918.3,312645.6,305511.9,310321.5,315728.1,321877.9,343111.9,356886.9,378291.5,382323.5,372813.1,381512.8,388099.0,400623.3,411468.9,426481.6,446628.3,463974.0,489435.0,524486.9,548686.7,385421.5,8.1,9.6,11.9,11.1,9.3,8.4,8.1,7.3,6.3,5.9,5.2,6.3,7.3,7.3,6.6,6.4,6.1,4.9,4.8,4.9,5.2,6.3,7.4,7.4,6.3,5.6,5.0,4.7,5.4,9.2,10.0,9.3,8.1,7.0,6.1,5.6,5.3,4.7,4.5,6.863157894736842,51502,53870,55802,58437,62209,57579.5,834562,863652,876344,890247,920332,958369,"987,942","1,022,222","1,067,962",901788.8,204546,213551,221130,239864,242744,262496,"400,634","419,137","453,954",235957.0,83161,88664,86232,89892,98037,111116,"121,543","126,394","137,01",92850.33333333333,7061530,6724543,6.3,22.7,14.1,50.0,80.7,4.1,1.9,8.2,0.7,4.5,12.2,82.7,13.2,18.5,90.0,31.9,582265,25.7,63.2,2629126,59478,13.4,66455.52,101.2,21258.0,20964.0,21272.0,21330.0,21745.0,22303.0,21768.0,21888.0,22412.0,21138.0,20152.0,20553.0,20223.0,20136.0,20394.0,22101.0,21225.266666666666,179.0,184.0,182.0,190.0,205.0,197.0,174.0,193.0,190.0,154.0,163.0,217.0,167.0,174.0,211.0,195.0,186.4,5934.0,5797.0,5718.0,5866.0,5788.0,6424.0,6079.0,6419.0,6711.0,5929.0,5627.0,5801.0,5829.0,5640.0,5449.0,5649.0,5915.066666666667,2600.0,2734.0,2863.0,2857.0,2811.0,2748.0,2653.0,2653.0,2583.0,2579.0,2320.0,2250.0,2072.0,2171.0,2193.0,2534.785714285714,31.0,64.36,86.8,55,14.0,9.2,6.6,6.0,7.266666666666666,93.4,93.6,93.9,94.0,93.4,90.8,86.0,86.1,85.8,85.8,86.6,87.5,89.4090909090909,republican,777732,republican,865244,republican,1051670,democrat,933516,democrat,993037,democrat,1123323,democrat,1247652,democrat,1510201,democrat,1750848,democrat,1755396,democrat,1742718
West Virginia,59183.2,60109.6,62110.3,62001.4,62016.6,62797.6,62938.6,63726.8,65586.0,66488.9,66512.3,67806.3,67646.4,68474.0,69577.2,69335.6,70121.2,69720.7,70332.7,69276.4,69743.2,71858.7,72340.4,66841.85909090907,9.5,10.6,14.0,17.8,14.8,13.1,11.8,10.8,9.8,8.6,8.5,10.6,11.3,10.6,8.8,7.9,7.5,6.9,6.6,6.5,5.5,5.0,5.9,6.0,5.3,5.1,4.9,4.6,4.3,7.7,8.7,8.1,7.5,6.8,6.6,6.7,6.1,5.2,5.3,8.20526315789474,36152,37061,37099,38927,41192,38569.75,195699,196138,196391,193470,200185,197532,"194,683","190,618","192,401",196743.2,34499,34805,35724,33318,36412,38051,"55,524","51,804","56,349",35662.0,15142,16000,16740,18971,17044,19005,"18,642","15,828","18,232",17150.333333333332,1850326,1853033,5.5,20.5,17.8,50.6,93.7,3.6,0.2,0.8,0.0,1.6,1.5,88.1,1.4,2.4,83.9,18.3,159448,25.5,73.4,741390,41043,17.9,24038.21,77.1,5035.0,4221.0,4627.0,5110.0,4968.0,5113.0,5016.0,5006.0,5554.0,5586.0,5497.0,5943.0,5657.0,5588.0,6231.0,6633.0,5383.333333333333,40.0,57.0,73.0,68.0,82.0,80.0,65.0,67.0,84.0,58.0,87.0,70.0,62.0,74.0,70.0,85.0,72.13333333333334,707.0,657.0,701.0,774.0,816.0,853.0,847.0,896.0,914.0,776.0,802.0,835.0,653.0,651.0,760.0,720.0,777.0,320.0,328.0,311.0,346.0,335.0,404.0,388.0,389.0,470.0,362.0,372.0,415.0,367.0,285.0,420.0,370.85714285714283,17.3,56.06,81.7,31,14.0,8.6,6.0,5.3,6.633333333333333,93.3,93.6,93.9,94.7,94.0,91.4,86.0,85.6,85.1,85.4,85.8,85.2,89.15454545454546,democrat,435864,democrat,367462,republican,405483,democrat,341016,democrat,331001,democrat,327812,republican,336475,republican,423778,republican,397466,republican,417655,republican,489371
Wisconsin,209525.4,217403.2,226417.0,233212.3,236189.2,241068.4,247796.9,255891.9,262068.2,266660.1,268050.3,264524.7,257125.0,265116.5,270666.3,274540.5,275648.7,282031.2,288260.1,291320.5,294151.7,303767.4,308044.7,264997.94545454544,7.2,8.0,10.5,10.2,7.4,7.2,7.0,5.9,4.4,4.3,4.4,5.5,5.1,4.8,4.5,3.8,3.6,3.6,3.4,3.1,3.5,4.5,5.4,5.7,5.0,4.7,4.7,4.9,4.9,8.6,8.7,7.8,7.0,6.7,5.4,4.6,4.0,3.3,3.0,5.502631578947368,44943,46859,47598,49264,51628,48837.25,654667,672287,675652,677652,678886,676867,"681,539","684,857","688,245",676268.8,157637,170546,170917,177856,184831,185663,"260,404","264,889","258,714",177962.6,55076,55685,61620,62831,60988,57912,"69,098","66,065","68,484",59018.666666666664,5757564,5687289,5.9,22.6,15.2,50.3,87.8,6.6,1.1,2.6,0.0,1.8,6.5,85.8,4.7,8.6,90.4,26.8,408870,21.7,68.1,2288332,52413,13.0,54157.8,105.0,12486.0,12238.0,12104.0,11548.0,13367.0,15899.0,16330.0,15507.0,14650.0,14167.0,14268.0,16254.0,16118.0,16714.0,17647.0,17716.0,14968.466666666667,192.0,154.0,183.0,154.0,206.0,165.0,185.0,146.0,146.0,155.0,138.0,169.0,163.0,165.0,240.0,232.0,173.4,4444.0,4713.0,4397.0,4067.0,4555.0,5564.0,5480.0,5163.0,4904.0,4516.0,4600.0,4692.0,4834.0,5066.0,5232.0,4707.0,4832.666666666667,1142.0,1237.0,1202.0,1136.0,1135.0,1233.0,1227.0,1128.0,1118.0,1191.0,1190.0,1228.0,1308.0,1168.0,1224.0,1194.642857142857,25.7,53.96,86.8,55,9.1,7.3,5.7,5.3,6.1000000000000005,94.3,94.5,94.6,94.7,94.3,92.7,90.9,91.0,91.0,90.6,90.6,91.2,92.37272727272729,democrat,1040232,republican,1088845,republican,1198584,democrat,1126794,democrat,1041066,democrat,1071971,democrat,1242987,democrat,1489504,democrat,1677211,democrat,1620985,republican,1405284
Wyoming,25205.7,25756.1,26819.5,27676.7,29278.0,29917.0,30646.5,31566.8,33167.3,37582.2,40344.4,42640.4,41428.9,39842.9,39440.3,38437.7,38523.2,38711.1,39899.0,38079.7,37866.3,38696.3,39214.0,35706.104545454546,3.9,4.1,6.2,8.2,6.3,6.9,8.9,8.0,6.5,6.1,5.3,5.2,5.6,5.3,5.0,4.8,4.9,4.8,4.7,4.6,3.9,3.8,4.0,4.3,3.8,3.6,3.2,2.8,3.1,6.3,6.4,5.8,5.3,4.7,4.1,4.3,5.3,4.2,4.1,5.11578947368421,56710,56820,54168,56524,60689,57050.25,72485,72201,74127,75811,77330,75566,"76,422","74,748","72,189",75007.0,13910,15533,16277,18770,16923,16392,"22,037","21,642","21,194",16779.0,5332,5376,2486,6368,5352,5589,"5,065","5,772","6,469",5083.833333333333,584153,563767,6.5,23.7,14.0,49.0,92.7,1.6,2.7,1.0,0.1,2.0,9.8,81.8,3.3,6.8,92.4,24.7,50852,18.3,70.1,222846,57406,11.5,97093.14,5.8,1272.0,1364.0,1314.0,1163.0,1172.0,1307.0,1344.0,1330.0,1196.0,1117.0,1245.0,1161.0,1212.0,1142.0,1302.0,1431.0,1253.3333333333333,9.0,15.0,14.0,11.0,14.0,13.0,21.0,12.0,11.0,8.0,18.0,14.0,17.0,16.0,16.0,20.0,14.666666666666666,84.0,93.0,84.0,67.0,78.0,72.0,84.0,87.0,78.0,77.0,71.0,61.0,74.0,53.0,59.0,59.0,73.13333333333334,153.0,148.0,136.0,112.0,122.0,151.0,172.0,185.0,172.0,162.0,146.0,154.0,144.0,126.0,125.0,146.78571428571428,23.8,54.72,89.4,46,13.4,12.0,11.5,11.5,11.666666666666666,87.7,89.5,87.7,88.5,88.5,88.0,86.6,84.6,84.6,85.1,84.8,86.3,86.74545454545454,republican,92717,republican,110700,republican,133241,republican,106867,republican,79347,republican,105388,republican,147947,republican,167629,republican,164958,republican,170962,republican,174419
